frame,solver,success,point_count,inlier_count,reproj_mean_px,reproj_median_px,reproj_p95_px,reproj_max_px,centroid_u_px,centroid_v_px,span_u_px,span_v_px,tvec_cam_x_mm,tvec_cam_y_mm,tvec_cam_z_mm,tvec_board_x_mm,tvec_board_y_mm,tvec_board_z_mm,error
1597,iterative,1,54,54,0.24191690040764968,0.21174511959069303,0.5102091535874348,0.7437265969676563,1553.1940533673321,688.8527165165654,132.8521728515625,279.10699462890625,114.79388151858478,6.698699293543603,323.15497542634773,94.45481697767113,44.165814159476945,-135.06576675343362,
1598,iterative,1,54,54,0.23935421891335545,0.2000654824119084,0.5191446618583279,0.7581963509167882,1553.201151529948,688.8942362467448,132.7706298828125,279.0596923828125,114.82709707663149,6.701994160673311,323.2062996341601,94.48919282359982,44.15198161677217,-135.01703005542967,
1599,iterative,1,54,54,0.24652815524909327,0.2012942899320489,0.5127138799250859,0.7460860737459984,1553.1856938114872,688.8527266890915,132.821533203125,279.121826171875,114.79982317779316,6.687796802033166,323.1541573553023,94.46109138503556,44.15615833246553,-135.070482015088,
1600,iterative,1,54,54,0.24292635396494816,0.21449850228898076,0.5369770980513495,0.7315180661587419,1553.1830421730324,688.8292247630932,132.7464599609375,279.097900390625,114.84076130841773,6.706252932089117,323.2464541341418,94.50372015319964,44.142239882792566,-134.97815477347788,
1601,iterative,1,54,54,0.24516845501278364,0.22028192844594152,0.62866156104296,0.7008833940017604,1553.2310723198784,688.8433747468172,132.7509765625,279.11956787109375,114.83124763079279,6.688142731963597,323.2133537126381,94.49397361507988,44.13670444259455,-135.01541723730887,
1602,iterative,1,54,54,0.24908824969343288,0.22134762626905344,0.5247932272873842,0.7257525367524302,1553.2625189887153,688.8644816080729,132.7879638671875,279.13592529296875,114.82352811282007,6.710595616086936,323.18337963510686,94.48476475896166,44.168013908124514,-135.03534416944245,
1603,iterative,1,53,53,0.23826366878929064,0.20647098233835073,0.479785075731667,0.7438091065458375,1552.5928264114093,690.8759051628832,132.747314453125,279.15130615234375,114.83442737748432,6.694771016815628,323.163874132953,94.49568204644632,44.16059538986268,-135.05933281149169,
1604,iterative,1,53,53,0.2368883300214447,0.22126235224218366,0.45148607565944554,0.7134327556257021,1552.5897953825177,690.9248737839033,132.77978515625,279.0833740234375,114.85149807536284,6.701199494179449,323.1926704771293,94.51325447940044,44.157049564804886,-135.0303397052434,
1605,iterative,1,53,53,0.2408342729446066,0.22158108214980432,0.5227053596272739,0.7027987739640916,1552.5805479805424,690.886656563237,132.8214111328125,279.1302490234375,114.80326386972952,6.667425142440738,323.1060013947357,94.46398190846769,44.15437282439916,-135.12277251373624,
1606,iterative,1,53,53,0.23832181159734278,0.20465931989114464,0.4798266570044242,0.7435513396948716,1552.5768144715507,690.9448783442659,132.8406982421875,279.06005859375,114.8709183633561,6.7128494462132355,323.23372825961695,94.53331267711275,44.15411868536529,-134.9880586323954,
1607,iterative,1,53,53,0.21931975093906833,0.18741704107651871,0.43274851357992145,0.5527867700320244,1552.545732606132,690.9721898492777,132.853759765625,279.11346435546875,114.82174388121778,6.708695052257522,323.15781480377507,94.48239841035092,44.175248087677886,-135.05988848175193,
1608,iterative,1,53,53,0.23032870349928705,0.21739826576965748,0.41900991140873106,0.6193680023885796,1552.5591695533608,690.9436783700619,132.875,279.07403564453125,114.85606885950799,6.718280577016332,323.2463446447956,94.51861622477969,44.154120131779365,-134.97415926521404,
1609,iterative,1,53,53,0.22907751948307511,0.2155713525744006,0.4204440059892821,0.5920423878509122,1552.5309690079598,690.8444835734817,132.8350830078125,279.1156005859375,114.83628176885655,6.6935640302106965,323.2115624414216,94.49877986242119,44.14260388925449,-135.01522181750298,
1610,iterative,1,53,53,0.2281658391323617,0.20065190759047205,0.42449028384187365,0.61348389771728,1552.5795299602005,690.9235275556456,132.740234375,279.06463623046875,114.86447354227757,6.709381519121286,323.2466330004869,94.52731361660983,44.1460402835689,-134.97715701455817,
1611,iterative,1,53,53,0.22955661991084403,0.20840479925065925,0.44723766936503767,0.5972720958505876,1552.575361143868,690.9362908129422,132.7984619140625,279.138427734375,114.84955019623246,6.707516282755162,323.202923480002,94.51135968920548,44.15923011941888,-135.01848748728142,
1612,iterative,1,53,53,0.22204845737909004,0.2028292188472956,0.41323031794237897,0.6188777885747592,1552.5918613649765,690.9476928710938,132.798828125,279.14892578125,114.88774741999582,6.718352872037722,323.2763635821141,94.55102387968196,44.14478398789501,-134.94645992695501,
1613,iterative,1,53,53,0.22158149151456105,0.21471632879066813,0.4080490226492555,0.5615352681459916,1552.657595076651,691.0793503095518,132.7613525390625,279.14337158203125,114.87745764066594,6.739498548576551,323.22229065271955,94.538680861361,44.183329889556205,-134.98934074145407,
1614,iterative,1,53,53,0.24039813005904243,0.21748335512792896,0.49881513533250155,0.577086577194506,1552.6037689784787,691.0132860867483,132.5008544921875,279.05352783203125,114.9184813275976,6.729908435957501,323.3050470450787,94.58207630300458,44.14660949226364,-134.9159106271068,
1615,iterative,1,52,52,0.2369539283414104,0.2105461456704518,0.47311387857191317,0.5872226058560747,1551.8687626765325,693.5672454833984,132.572509765625,279.1046142578125,114.9028366982579,6.727347024131799,323.30310928311235,94.56648039338506,44.144284017841805,-134.9184463619134,
1616,iterative,1,52,52,0.23572892349730237,0.22391536969330783,0.4500997304106985,0.593296218027979,1551.952150785006,693.6661153940054,132.549072265625,279.1063232421875,114.94557382227369,6.75765106852427,323.3653402135918,94.60975706003637,44.15218120286136,-134.85001939225708,
1617,iterative,1,52,52,0.24500822503758826,0.2223419078559048,0.5015293024804935,0.5927165572630011,1551.8971909743088,693.5513141338641,132.547607421875,279.09283447265625,114.93086609807108,6.736794109440409,323.34440143624363,94.59521866149058,44.13955451842651,-134.87683289814854,
1618,iterative,1,52,52,0.24250607231978943,0.2255755894998183,0.4502637210324866,0.6104233731953731,1551.8285146859976,693.5237731933594,132.6231689453125,279.08154296875,114.90565869110239,6.718579617363066,323.32589353231083,94.57016415620629,44.12811527750867,-134.90030925067373,
1619,iterative,1,52,52,0.23805196348495172,0.21812701322106812,0.4108442263814875,0.583319828684003,1551.8561683067908,693.6522369384766,132.67919921875,279.1708984375,114.84206945144892,6.721059387518363,323.18780719388,94.50305793908545,44.176950569361196,-135.02770409913464,
1620,iterative,1,52,52,0.23004171444770374,0.20633498121052735,0.4357875104449789,0.5347474200259064,1551.8400667630708,693.5662959172175,132.6864013671875,279.24493408203125,114.84829243456099,6.709276741692672,323.2136647992624,94.51031660373651,44.15700924812751,-135.00780868477565,
1621,iterative,1,52,52,0.23343546304735885,0.20363057078494173,0.45535663922268255,0.5836938046991561,1551.8779813326323,693.7200293907753,132.649658203125,279.17041015625,114.85036839089145,6.725695645513433,323.2034315890653,94.51159217808734,44.176060836688414,-135.0115528097309,
1622,iterative,1,52,52,0.24909943280852914,0.22252562487694075,0.4831587050966994,0.6480047514728476,1551.827664888822,693.578380878155,132.2672119140625,279.17132568359375,114.87829545192189,6.737063556661678,323.2897275654092,94.54130250431048,44.15713681063961,-134.9272004331868,
1623,iterative,1,52,52,0.24675784074103246,0.23509521342633738,0.4748892793912665,0.643619212951465,1551.8246037409856,693.6777918888972,132.2286376953125,279.21246337890625,114.874548211984,6.7485634928866,323.2836830988033,94.5370275289321,44.16987522817576,-134.92871146629957,
1624,iterative,1,52,52,0.23801694082066213,0.21441835649881694,0.43992143410444834,0.624210773952317,1551.8233736478364,693.6327162522537,132.272705078125,279.1759033203125,114.87656413869543,6.732050152681281,323.2704445327758,94.539250170197,44.15923467916693,-134.9469830994588,
1625,iterative,1,52,52,0.24728067077558688,0.22919382372927855,0.5095765071356637,0.6743369882536266,1551.77396099384,693.663813664363,132.17724609375,279.172607421875,114.84623621407552,6.716691518828322,323.2407765629463,94.50870356424643,44.15422308754578,-134.97981064724576,
1626,iterative,1,52,52,0.24990876770647524,0.23580600163371485,0.5254336721527035,0.5995555563531905,1551.7441781850962,693.5754171518179,132.55908203125,279.19403076171875,114.81641746239453,6.702776873500092,323.19666218756294,94.47825307167301,44.1557114047922,-135.0256299208727,
1627,iterative,1,52,52,0.2490437339218858,0.23270139136012377,0.5145561363889395,0.6107699832445415,1551.7638009878306,693.560044508714,132.4986572265625,279.1097412109375,114.85188292936323,6.694752727068031,323.25925107083793,94.51553384204368,44.12739582626767,-134.97042188924436,
1628,iterative,1,52,52,0.23484882318752753,0.2151323209082195,0.4939947458093503,0.6082808892370457,1551.6990778996394,693.5983957143931,132.5791015625,279.24755859375,114.76107872879508,6.688365189447774,323.10861386721683,94.42121046777737,44.17132614794956,-135.11237610192012,
1629,iterative,1,52,52,0.23402428845649964,0.19872059259542246,0.44973093322768126,0.60593081081242,1551.769503079928,693.66405076247,132.5238037109375,279.0997314453125,114.85781220152882,6.737850424516945,323.27937846225234,94.52054942867048,44.16073379284826,-134.93634691963294,
1630,iterative,1,52,52,0.23504040815503352,0.2167639504745537,0.4281024158883414,0.5618998030265094,1551.7799001840444,693.7103435809796,132.601318359375,279.15289306640625,114.80046198820853,6.738208900529267,323.1720625941599,94.46052435686538,44.196906708805,-135.03581742743972,
1631,iterative,1,52,52,0.24296403341307624,0.22070192325298915,0.44798888082662236,0.5355465301229455,1551.6172367976262,693.5670189490685,132.6195068359375,279.19403076171875,114.78806953575096,6.7132896748681725,323.20568025103495,94.44981174911996,44.16120071723207,-135.01312360140014,
1632,iterative,1,52,52,0.22347581460012586,0.19516285453678495,0.4398427261446332,0.5441148146279856,1551.7047776442307,693.595933180589,132.6356201171875,279.18048095703125,114.80671620062081,6.719515659675745,323.20388770610356,94.46819231431633,44.16839291756619,-135.0128053368252,
1633,iterative,1,52,52,0.22621102234282084,0.19982531998528572,0.45147418391151606,0.5543587548317063,1551.739255464994,693.6438833383413,132.660888671875,279.19036865234375,114.7839319012188,6.707309698741136,323.1402960840789,94.4442217394367,44.17867442614682,-135.07630105553557,
1634,iterative,1,54,54,0.22572908244738701,0.20749567275952974,0.4289116409655579,0.5289376679408666,1553.1320778175636,689.0299886067709,132.671142578125,279.23223876953125,114.72261121305199,6.7005087935893135,323.04031072238337,94.38065033138528,44.20539943934744,-135.17142203854837,
1635,iterative,1,54,54,0.24564235683969193,0.2172968618917996,0.5222050091066125,0.5653039605590602,1553.1667344835068,688.9989115397135,132.7276611328125,279.1533203125,114.81229774358083,6.720920947251363,323.2170629113501,94.47405584494902,44.16524756006925,-135.00006013290334,
1636,iterative,1,54,54,0.23760929601717262,0.22697802741239734,0.4648536415480234,0.5371642155781022,1553.126134801794,689.0515735767506,132.7034912109375,279.10992431640625,114.842558778899,6.7508367042739374,323.27695165781313,94.50482072910101,44.17311838184151,-134.93381123255463,
1637,iterative,1,54,54,0.2577402250881091,0.22093874150776782,0.5053715871975091,0.8402647219138722,1553.098897298177,688.7984438295717,132.74609375,279.1611328125,114.85410582344964,6.720713211595922,323.3084799693218,94.51814535621317,44.134244940539006,-134.9152073794809,
1638,iterative,1,54,54,0.2502285297114746,0.2037023104266852,0.4980853587387082,0.8701025630072997,1553.0496554904514,688.8060777452257,132.7501220703125,279.11004638671875,114.8369105966478,6.716065005189475,323.294929077368,94.5007752863109,44.134033641268175,-134.9293192306889,
1639,iterative,1,54,54,0.24642388251678035,0.2195006028949401,0.47850430772239755,0.533559632349238,1553.044236924913,688.8588788067854,132.505126953125,279.25433349609375,114.8172744035501,6.708277520291438,323.25579726134356,94.48042302770901,44.139879246190645,-134.9684234312135,
1640,iterative,1,54,54,0.23566562907772923,0.21235325865609592,0.4527654291992528,0.5148454750242267,1553.1512428566261,689.0387200249565,132.5560302734375,279.1392822265625,114.82518245957776,6.73802866743024,323.23487641470314,94.4868171093662,44.17541024171617,-134.9774795897308,
1641,iterative,1,54,54,0.2382413794902942,0.21755931003026832,0.47143147836059873,0.5028784657855169,1553.1077180085358,688.8872511121962,132.553466796875,279.2244873046875,114.79331007995862,6.699003479572069,323.18348988621307,94.45495673365177,44.15594781044169,-135.03900616454558,
1642,iterative,1,54,54,0.23687923807115624,0.1979521581043544,0.47215929462538686,0.7198214431642491,1553.0665803132233,688.8719132034867,132.3660888671875,279.07275390625,114.85846714587257,6.721323310538407,323.3414871894972,94.52331712329867,44.123264520071395,-134.88419845932444,
1643,iterative,1,54,54,0.23310287157889242,0.20313117199183894,0.47037215466599563,0.6498772985127638,1553.0735970956307,688.9201592339409,132.451904296875,279.1805419921875,114.83215315575858,6.729894787354227,323.29351641861814,94.49553142975067,44.147262774669244,-134.92566085384726,
1644,iterative,1,54,54,0.24562505436450566,0.20393113447119154,0.49264892649631564,0.6713399425217764,1553.0236047815395,688.7815348307291,132.42236328125,279.08203125,114.8458935543886,6.710432043069699,323.34089087912986,94.511097448746,44.11280488775309,-134.88848169893106,
1645,iterative,1,54,54,0.2460199194247257,0.20634708295786047,0.4803130969308282,0.6780589240927267,1552.9391253436054,688.7008113154659,132.410888671875,279.1383056640625,114.80468922336668,6.688882494223585,323.3008137049699,94.46962429562066,44.10527633298706,-134.93310969767685,
1646,iterative,1,54,54,0.23396346782970703,0.2166404471609833,0.42721876802704534,0.5503302845782615,1552.9262921368634,688.5813304759838,132.70947265625,279.1114501953125,114.81964819751266,6.667112379705188,323.3351998917457,94.48615544126969,44.073325042406104,-134.90890319259327,
1647,iterative,1,54,54,0.21908128674573496,0.20728170229734938,0.40274756741243106,0.5055998171899256,1552.8919926396122,688.6326067889178,132.589111328125,279.12969970703125,114.80384221426046,6.657813021282609,323.2567336770316,94.46868563429253,44.09188154528995,-134.98534739492473,
1648,iterative,1,54,54,0.2160647669639213,0.19454015408943182,0.3980771030723583,0.5793021938745105,1552.7865103262443,688.4167322229456,132.5185546875,278.989990234375,114.83161454450702,6.63246044600462,323.39284399091633,94.5007080113139,44.02096311792228,-134.86751184436406,
1649,iterative,1,54,54,0.2124217565187006,0.18594099101936434,0.4465724827182444,0.5201206096749086,1552.6658619068287,688.183428729022,132.364501953125,279.01422119140625,114.79440279528309,6.56237205959064,323.3171314225509,94.46391955757613,43.98091709226656,-134.96276106850615,
1650,iterative,1,52,52,0.22146460674147522,0.18664860201637956,0.44383157980031485,0.5461518413691665,1551.2101510854868,692.8526846078726,132.3231201171875,279.031982421875,114.79429650327162,6.564124867549136,323.3168012385058,94.46374736897167,43.982667185875826,-134.96244455835136,
1651,iterative,1,52,52,0.22846983894125814,0.1986797946143511,0.47839219593406057,0.502497761480452,1551.092538686899,692.6757225623497,132.3480224609375,279.014404296875,114.76908321041353,6.530040092618885,323.32187868595634,94.43980501347056,43.94802857375607,-134.96952923582353,
1652,iterative,1,52,52,0.23628550755282188,0.20241341790553857,0.4701998343386236,0.5753392669886361,1551.097160926232,692.6882641132062,132.27099609375,278.977294921875,114.78729712210459,6.533460576982014,323.34464791787116,94.45846626098351,43.943859541970056,-134.94725231436684,
1653,iterative,1,54,54,0.23454782380386555,0.20097188878321626,0.493466795173738,0.5725094749623137,1552.3519671404804,687.6454377350984,131.7620849609375,278.68341064453125,114.88681225857617,6.445989939731722,323.5156271308815,94.56509382983678,43.805391010518164,-134.81979528863832,
1654,iterative,1,54,54,0.23401584492861177,0.21506558768019532,0.4369020980908463,0.5293107877020697,1552.1574390552662,687.023440890842,131.2332763671875,278.53570556640625,114.87476333092619,6.306512753914928,323.54846264917194,94.55847202117117,43.662984628220215,-134.83860505240858,
1655,iterative,1,54,54,0.24251210639261223,0.21695810686288455,0.43990032288220193,0.6043754932953392,1551.9593641493057,685.0245350025318,130.917724609375,278.027099609375,115.04098335185806,5.910552148312821,323.97000279153406,94.7482249917471,43.150056562275545,-134.5875899184148,
1656,iterative,1,54,54,0.24850475966299054,0.23891796836984636,0.4356151361803343,0.6386098285271343,1551.8442880135995,683.332437020761,131.1142578125,277.833984375,115.04423841076145,5.555355615483899,324.1231731941158,94.76702959740612,42.76404578868045,-134.5709041746875,
1657,iterative,1,54,54,0.2499506738560466,0.2266267972829646,0.4350981274721623,0.584336632589289,1551.6522827148438,680.3523356119791,131.3719482421875,277.76519775390625,115.02925097453709,4.9316887308024615,324.2674630334986,94.77621183070994,42.12972562634566,-134.65784198170522,
1658,iterative,1,54,54,0.2554466070146073,0.21298939457767452,0.513310332391026,0.6209059015611642,1551.418635615596,679.1164505570023,131.1025390625,277.67926025390625,115.05681503948452,4.672832772279523,324.37123853926863,94.81488781821642,41.85220221721268,-134.6533180552364,
1659,iterative,1,54,54,0.250908139497019,0.20925702706429986,0.5045634636418239,0.5950252637975489,1550.9912493670429,676.8845678258825,130.9501953125,277.53338623046875,115.00727027313371,4.188912588378273,324.4587639495782,94.7835120390813,41.36718775804368,-134.74315491064834,
1660,iterative,1,54,54,0.24235447607039506,0.20350715871864325,0.48938193608442426,0.652798204230394,1550.7746039496528,675.9879670319734,131.0841064453125,277.31622314453125,115.04736625029827,3.982645596495198,324.5717961236103,94.8332136840544,41.13599006877637,-134.71141524057893,
1661,iterative,1,54,54,0.252305795157998,0.22139613391326007,0.5016391951680965,0.6637695258988373,1549.9560117368344,672.2349842212818,130.7840576171875,276.59613037109375,115.13733818012044,3.2277224495634043,325.1922051218083,94.96361540703221,40.214144525838,-134.40140327857836,
1662,iterative,1,54,54,0.2528882664714817,0.22813337660715238,0.5175082227322351,0.6404808005183346,1549.5177973994503,669.8616751211661,130.8280029296875,276.3128662109375,115.11655892350542,2.729892629643626,325.4006614887735,94.96449435868271,39.67432966223261,-134.3835285894942,
1663,iterative,1,55,55,0.25458447335956336,0.21254744610132056,0.4797273301934165,0.6482298445049789,1549.9065407492897,668.027724387429,133.7491455078125,276.02130126953125,115.07037419988222,1.7534656991653832,325.58400924814947,94.95509416621215,38.695436048667474,-134.5591358496813,
1664,iterative,1,55,55,0.2493494973474735,0.20804487262673704,0.5005151283844561,0.56807352698317,1549.614200106534,666.5322076970881,133.3231201171875,276.37481689453125,114.90008594743759,1.397655016386893,325.32576199695626,94.79012636688421,38.44808464260388,-134.92505097748017,
1665,iterative,1,55,55,0.247833928777421,0.219457821050075,0.5039136740627344,0.5814619250279961,1549.6639959161932,666.5655872691761,133.29345703125,276.3155517578125,114.92591143741295,1.4039640877648223,325.3581935991681,94.81654186654613,38.44348391613591,-134.89280777928698,
1666,iterative,1,55,55,0.2514102760404276,0.2156804512433595,0.561612491310247,0.6562932299031514,1549.5709428267046,666.5062710848722,133.3895263671875,276.35968017578125,114.9152511537631,1.397209506918819,325.3767330933452,94.80658147451203,38.43016712396929,-134.87776010534176,
1667,iterative,1,55,55,0.25192436961578074,0.21522645164348528,0.536200750109241,0.643687363675703,1549.615567294034,666.5586747602983,133.407470703125,276.373291015625,114.89083357541497,1.405574365035633,325.3191773046195,94.78045509321225,38.45745214106759,-134.92827542818216,
1668,iterative,1,55,55,0.26285190475939657,0.2392099284884429,0.5164176117477928,0.6611939098598579,1549.6275701349432,666.5412841796875,133.355712890625,276.3349609375,114.86766249219347,1.3975131896143118,325.2686505242015,94.75629197785307,38.466948962035616,-134.97808297212754,
1669,iterative,1,55,55,0.26845899930787953,0.250378481878315,0.5269396103468055,0.6124128077635407,1549.6155206853693,666.4890414151279,133.396728515625,276.3289794921875,114.89911764118241,1.4030402638102184,325.3364421834355,94.78925173827562,38.44928236790764,-134.91314277153052,
1670,iterative,1,55,55,0.257519648179184,0.22714219732156338,0.46936537704594405,0.6724339307647466,1549.6614923650568,666.5682017933239,133.363525390625,276.3387451171875,114.90302650587833,1.403983595135585,325.30380520411757,94.79230131356545,38.4619106539174,-134.9433515119744,
1671,iterative,1,55,55,0.26477886581871796,0.231732345557281,0.5391143746144966,0.6328012735967539,1549.633378462358,666.4855169122869,133.35791015625,276.3809814453125,114.89045931127822,1.3918353703729485,325.30765636942243,94.78024177699514,38.4486976847096,-134.94392617851133,
1672,iterative,1,55,55,0.25683450712249106,0.23913647990186696,0.4769066652489824,0.6255442784771621,1549.607060102983,666.4645463423295,133.3056640625,276.323974609375,114.91435854589317,1.3852323353990965,325.3687610633701,94.80588202051058,38.42177704014635,-134.8894613833015,
1673,iterative,1,55,55,0.2583928496495344,0.2358009021185551,0.45240608686455525,0.6349765026531871,1549.577501331676,666.3907093394886,133.262451171875,276.19683837890625,114.93702858103697,1.3710473871316016,325.42357164937226,94.83038437584013,38.38996194541109,-134.84356173276942,
1674,iterative,1,55,55,0.26437776436123706,0.2488702456943864,0.489753700496562,0.6991363803093639,1549.18740234375,664.1863214666193,133.139892578125,275.673583984375,115.103570099404,0.9457047349724003,325.9970774112035,95.02526577016518,37.795630145272746,-134.46100159183771,
1675,iterative,1,55,55,0.27185929527995717,0.25018024888228724,0.5433593181063503,0.6789601084344244,1548.783660333807,662.4455211292614,133.088134765625,275.36505126953125,115.1113431284412,0.5737754142164868,326.17500027702806,95.04976035185382,37.38537963810567,-134.4271944529667,
1676,iterative,1,55,55,0.26832039193244206,0.2507889187496042,0.5120842811569855,0.6921814400104432,1548.3515092329546,660.6640014648438,132.793212890625,275.18841552734375,115.06505934427513,0.15440841132829683,326.21309906414825,95.01827059737629,36.978339718371394,-134.5402841893438,
1677,iterative,1,55,55,0.26709343487750314,0.23757018723581128,0.5120029376277143,0.6933146440932417,1547.734998668324,657.7432539506392,132.8773193359375,274.97772216796875,115.00138789694257,-0.45516683564543137,326.4578309810008,94.98088598283597,36.31957156799116,-134.52776777231998,
1678,iterative,1,55,55,0.2733165319038333,0.24041164695824555,0.5356318394327079,0.7000066663741488,1547.4221590909092,656.1928744229403,132.6304931640625,274.8526611328125,114.99150401799439,-0.7632107216395781,326.60603906310314,94.98488687786254,35.978839751247506,-134.49878184022464,
1679,iterative,1,55,55,0.2802795850781373,0.2542878572222508,0.5454394825165596,0.7333029295538582,1546.830351118608,652.9888916015625,132.073974609375,274.29412841796875,115.07995738264528,-1.4652861236195873,327.0322131301659,95.10712408771411,35.17527944769877,-134.3514485231892,
1680,iterative,1,55,55,0.2789705606326913,0.254550213078931,0.5679829391660114,0.761761382825836,1546.0091796875,648.2208174272017,132.4071044921875,273.89910888671875,115.03655008860302,-2.4604646569116735,327.50150926825796,95.1083429761558,34.07742011079729,-134.26655587204212,
1681,iterative,1,55,55,0.2789511738590568,0.2525482299232023,0.5605912562950867,0.7205310042626167,1545.6127796519886,645.9059348366477,132.474609375,273.7586975097656,114.97817992073917,-2.961292891775323,327.62553841338894,95.06962806216086,33.56329835380123,-134.32819352768098,
1682,iterative,1,55,55,0.2727305813605465,0.2427666312278871,0.5197387076486292,0.7453587651793393,1544.6707341974432,641.0378933993253,132.326904296875,273.2906494140625,114.9169916918428,-3.9989533558442587,327.9986381409921,95.05204699661952,32.45922347379946,-134.34809855891262,
1683,iterative,1,55,55,0.2705674367577195,0.2501417296276238,0.532529069604966,0.682226860268255,1544.302490234375,639.019853071733,132.4237060546875,273.274658203125,114.84908821697198,-4.440916353427129,328.0579801438926,95.00023616951341,32.02267594285509,-134.44912102107406,
1684,iterative,1,51,51,0.257362829178044,0.23316825055036125,0.5187701026464522,0.712628450829067,1548.0732756969976,638.8671671549479,127.23095703125,272.9877014160156,114.82642428144274,-5.121307143805992,328.2291805590436,95.00429409243529,31.32551524714951,-134.53100729207708,
1685,iterative,1,53,53,0.26455932003851507,0.250557493398156,0.5023026163536618,0.6855195678758265,1545.5845993329895,637.8358920115345,126.775146484375,272.7500305175781,114.78273070082057,-5.716828411586279,328.3004003073181,94.9820224354941,30.742294409494153,-134.67586718898505,
1686,iterative,1,53,53,0.259286768936855,0.2495202230902929,0.48992328995137324,0.6228193097455749,1545.3389224646226,636.8051124428803,126.253173828125,272.7068786621094,114.76489562658772,-5.927595889884463,328.342098151801,94.97218789920736,30.52992862055401,-134.71169711501685,
1687,iterative,1,55,55,0.3199530356208556,0.23722997263381182,0.5603664459443793,2.436426896234575,1542.5513405539773,630.176631858132,131.02294921875,272.1993408203125,114.97780607245164,-6.315729242877244,328.98211686979926,95.21385578176847,29.948566581772567,-134.2542945227047,
1688,iterative,1,55,55,0.26576656801171616,0.24614451812885482,0.4916257296008503,0.7104431990692734,1541.8069868607954,626.3536460182884,131.1063232421875,271.7087097167969,114.88084838156782,-7.201721127358319,329.21406552492067,95.1519806713722,29.03485611994215,-134.35169706094464,
1689,iterative,1,55,55,0.2686244783156433,0.23952189049629702,0.5052589695590933,0.7041749433143477,1541.4198686079546,624.1394864169034,130.962646484375,271.517822265625,114.88864227760195,-7.683301903879021,329.4259632512622,95.180960804503,28.510129888064213,-134.32516464640526,
1690,iterative,1,55,55,0.27387805746010824,0.24469385400604254,0.5120980465764199,0.71550082452117,1540.2988680752842,618.3118774414063,131.265869140625,270.8345642089844,114.86207737099987,-8.908955783526107,330.1254777266271,95.21240576530556,27.115917531044865,-134.10736486179474,
1691,iterative,1,55,55,0.2694076626170238,0.2504709317637642,0.5194274925993734,0.7071313896761787,1539.2715354225852,612.1443403764205,130.871337890625,270.36785888671875,114.8091776258563,-10.279933157561127,330.5162000913795,95.21451288283151,25.69461013968371,-134.2295211910938,
1692,iterative,1,55,55,0.27055812292804293,0.24926354923807909,0.47763023080411304,0.6592647042470711,1538.6844682173296,609.4719404740767,130.697998046875,270.0317687988281,114.76738039826145,-10.865002274116884,330.71611435067314,95.1970449876832,25.075516842472943,-134.25042459843976,
1693,iterative,1,52,52,0.27056063056243435,0.24430541667846462,0.4928018166196243,0.7078308149582341,1539.2605778620793,609.912588266226,125.2274169921875,269.3614807128906,114.7658110391241,-12.163451802428215,331.26006107496846,95.25192594206526,23.66956410650667,-134.20420053104314,
1694,iterative,1,52,52,0.2698434274202958,0.25251734965149,0.4843378923595751,0.6935892299832556,1538.1315166766826,604.4869255652794,124.4981689453125,268.8689880371094,114.71061250323457,-13.399429618459884,331.5483380446471,95.24470734941218,22.410635216310503,-134.37401688091387,
1695,iterative,1,53,53,0.26085200004767767,0.25072372267567894,0.45402804748764203,0.488313135610314,1536.3620121793927,600.039515657245,127.0244140625,268.6086120605469,114.61347227660957,-13.928634346414988,331.6260194654751,95.167017480934,21.884932725697468,-134.48860067802212,
1696,iterative,1,52,52,0.28019208735845136,0.2716917560687243,0.4711521997490928,1.061136595893657,1534.586221548227,596.641478905311,127.089111328125,267.9580383300781,114.56509891675903,-15.212188394181677,332.2034868420758,95.17549209818489,20.47912653852085,-134.40519389485712,
1697,iterative,1,52,52,0.260805608698937,0.25439022762042796,0.47075807024126737,0.4916434361194133,1533.5329167292668,590.7441001305214,126.4798583984375,267.4428405761719,114.55500945036866,-16.55574783522948,332.6093095922446,95.21985265642905,19.07976353484217,-134.50399267178747,
1698,iterative,1,52,52,0.2631888091337919,0.25017276109233166,0.477397929095548,0.4904593198271967,1533.1196969839243,588.4080329308143,126.2855224609375,267.41656494140625,114.49089581712211,-17.09577499797866,332.6567180820736,95.17475171443778,18.55601769745016,-134.65111052328382,
1699,iterative,1,52,52,0.26186964285466185,0.24915274245651448,0.46461895531622494,0.5074821074068061,1532.3206787109375,584.3296878521259,126.2220458984375,267.0631103515625,114.42043493277998,-18.006020806227763,332.97174037369126,95.14224791667172,17.591201754168665,-134.67983178011613,
1700,iterative,1,53,53,0.2787970815235221,0.2572239853186244,0.5257553109405572,0.6588315245985971,1530.2022659013855,576.8593703935732,127.9273681640625,266.4903259277344,114.47078125151108,-19.104105453975418,333.5444800789736,95.24313844604558,16.36421624521735,-134.5360156567436,
1701,iterative,1,53,53,0.2887589225896361,0.2628967406113657,0.5304001584529575,0.81204639469372,1529.7530840028007,574.4165349996315,127.71435546875,266.24530029296875,114.43763709949528,-19.655443753612253,333.68168796388954,95.2316220020049,15.799241719114537,-134.60361458805139,
1702,iterative,1,53,53,0.2938388098492417,0.27076827861374675,0.522674540162829,0.8138223032002413,1528.7251575397995,569.5591194584684,127.4373779296875,265.61553955078125,114.41784233150761,-20.739207055231432,334.19565287410563,95.26047529315576,14.603720898814489,-134.50878784325607,
1703,iterative,1,53,53,0.3081405568663343,0.27675665197100735,0.5585793877623348,0.8449775371347075,1527.369119896079,563.0209949421433,127.1240234375,264.9041748046875,114.35815599272726,-22.209256356965213,334.79091518333496,95.26422949482236,13.016966967705592,-134.47498705281677,
1704,iterative,1,52,52,0.29751709577873775,0.2736823612203818,0.5430210471561313,0.7955421119402541,1527.2874356783354,557.5628122182993,127.0574951171875,264.76483154296875,114.21991631782421,-23.355566760392254,335.027113790337,95.16977614442152,11.856981615888245,-134.66056743658442,
1705,iterative,1,52,52,0.29545274054057935,0.26738982288479696,0.5532146308267638,0.7942191117678563,1527.1475196251502,557.5911454420823,126.9781494140625,264.6678466796875,114.19944132419991,-23.79485046597724,335.14889157818806,95.16684294598033,11.402644634169494,-134.7028584800793,
1706,iterative,1,50,50,0.28569756775904087,0.26062764045562065,0.5472965359554794,0.7944678657049303,1529.0344384765624,559.2586834716797,120.2880859375,264.5592956542969,114.11510557216151,-24.447907754224733,335.36008084897037,95.10939395951578,10.714359024713062,-134.73691406211788,
1707,iterative,1,50,50,0.2791712181484589,0.2615692603315034,0.49675779662545866,0.7849657384987303,1528.740107421875,557.1427813720703,120.3548583984375,264.1567077636719,114.15233696855941,-24.892173666875806,335.6957999917907,95.1696887301055,10.181673765956425,-134.5817474528865,
1708,iterative,1,51,51,0.2855027598484858,0.2546388110992831,0.5707679088581257,0.7993002528202887,1526.6633683746936,550.6461426978018,122.7286376953125,263.7005310058594,114.13408553408173,-25.98585914153277,336.19442013183726,95.20002248515753,8.982397548049427,-134.50480921230823,
1709,iterative,1,53,53,0.2843058908352329,0.2630754849171824,0.5557193264494084,0.7799077225768807,1523.5552817290684,541.830560072413,127.1396484375,263.5701599121094,114.0080563019864,-26.983780027199046,336.3524214273531,95.11091270517281,7.989260267826847,-134.71079867931897,
1710,iterative,1,53,53,0.2802135103570895,0.2563176731940466,0.5228228367077423,0.7503433563207149,1522.999490989829,539.0922868836601,126.838134765625,263.3592529296875,113.98304663287175,-27.62778188017823,336.5660642167846,95.11250296705097,7.310917321637774,-134.7400464157887,
1711,iterative,1,53,53,0.28230104116993965,0.24217136385480773,0.5350456339969426,0.7858719770437387,1524.2359619140625,534.9591196887898,126.96923828125,263.09259033203125,113.9657461779822,-28.000003205942352,336.7885161806849,95.11308072218219,6.8835822333005865,-134.66443368001663,
1712,iterative,1,54,54,0.29442511328546256,0.2497392567829109,0.5320608470888639,0.8098069188403668,1523.9018170392071,527.1532654938875,126.789306640625,262.2418212890625,114.03295041397378,-29.237666084023004,337.5450094678346,95.2400492072594,5.461641340210043,-134.39878164638856,
1713,iterative,1,54,54,0.2953540848975091,0.24015673345768632,0.5440143461281337,0.7646055814441984,1522.6791494864005,521.8450142189308,125.773681640625,261.8110656738281,113.9772894838351,-30.50742077059136,337.8782436649231,95.23461569928966,4.1551801724690165,-134.53860234403848,
1714,iterative,1,55,55,0.3076250134595389,0.26272772873655753,0.5393411679359206,0.8161259218667507,1521.2322221235795,519.7045082785867,125.4449462890625,261.3538818359375,113.98639144747496,-31.11986857754548,338.1671193947441,95.27115207893905,3.480941161091682,-134.486725588515,
1715,iterative,1,54,54,0.31396140582915105,0.2717026209567802,0.5704314306004702,0.8181906246045175,1520.9121342411747,513.923838297526,124.909423828125,260.3551940917969,114.06396475192749,-32.772467271472536,339.07576555978693,95.42597191785944,1.6178397764457166,-134.22668335735412,
1716,iterative,1,54,54,0.3154084012668212,0.2811913787094077,0.5804837837424527,0.7967332018105794,1519.3661408600983,506.35584061234084,123.6331787109375,259.4937438964844,114.05200191375407,-34.580027056405775,339.64808700183346,95.48792804660071,-0.2740893883396147,-134.33500137144875,
1717,iterative,1,52,52,0.32515580018639223,0.25917808734379955,0.6273100868745972,0.7883210353858036,1521.0608990009014,506.7818791316106,117.083984375,259.4931335449219,114.07564465637331,-35.44152943437462,340.0429868882321,95.54986284239511,-1.218013793789531,-134.27285602031014,
1718,iterative,1,52,52,0.34023342410030766,0.28986802291105235,0.608364908280595,0.8186723122593106,1519.3542809119592,498.4128423837515,116.359375,258.42352294921875,114.04904075127268,-37.40078688152176,340.7743442043592,95.60619886351361,-3.308689420459057,-134.28637314260885,
1719,iterative,1,52,52,0.3445607909638184,0.3085501304027532,0.6437874685833443,0.7937596526559185,1518.4972158578726,494.1932349571815,115.913818359375,258.03045654296875,114.03642297344084,-38.412643554383,341.1508016103811,95.63638273839732,-4.38792785643431,-134.2945367993052,
1720,iterative,1,51,51,0.3288114758348227,0.2734656112425914,0.6307756598979923,0.8079623014371382,1518.0352902879902,485.96103324142155,115.5072021484375,257.39129638671875,113.96970890889904,-40.26836219907708,341.79461341685266,95.64702542906937,-6.352402069269587,-134.35253591193256,
1721,iterative,1,52,52,0.3390149607995551,0.3027173555572089,0.6315879600370858,0.7643794226239343,1515.7950955904448,479.83731842041016,114.9886474609375,256.84912109375,113.91700323495805,-41.83937739175562,342.2747416594049,95.65816461305991,-7.99228293407014,-134.46233764611614,
1722,iterative,1,52,52,0.3469460384795522,0.30206732583599977,0.6545367949649455,0.8062313363251497,1514.5457552396333,473.53530766413763,114.6629638671875,256.3262634277344,113.8422579635968,-43.32995045841226,342.7865278217476,95.64543791335174,-9.569154338176979,-134.51366604588827,
1723,iterative,1,52,52,0.3312449243528598,0.299552832577419,0.6534581558108209,0.799236346779565,1513.907510610727,470.437253511869,114.4566650390625,255.531494140625,113.80679187943886,-44.0768570316276,343.0665944900785,95.6416437410376,-10.367613300596346,-134.51734035349384,
1724,iterative,1,54,54,0.33809009696838654,0.2908895159848133,0.6774989188930681,0.7876917141261531,1510.4554759837963,461.2228828712746,118.049072265625,254.95123291015625,113.71138060698995,-45.51652094754887,343.57152523188444,95.60642136046249,-11.89532397168756,-134.55671096534397,
1725,iterative,1,55,55,0.33115286404105887,0.283279600813062,0.6702363602251468,0.7963487175515344,1508.4958385120738,453.7992603648793,119.6688232421875,254.68167114257812,113.6245493552955,-46.789848058353755,343.9128863080249,95.57016724392301,-13.209246366475526,-134.68983707545732,
1726,iterative,1,55,55,0.35066012057942136,0.3185027912284649,0.7100567437212506,0.8204146446193455,1507.3543279474432,447.53135819868606,119.072509765625,253.77593994140625,113.65056649643746,-48.29541213414211,344.57334228783554,95.66236688737195,-14.848920298886156,-134.6087766021905,
1727,iterative,1,54,54,0.35282501664907817,0.3368457389742924,0.7326559395741772,0.8229549778060967,1507.6710069444443,443.9779940004702,118.9605712890625,253.616943359375,113.62808230879914,-49.01115184100707,344.7529628462216,95.6679797035853,-15.582078767315672,-134.69537664916518,
1728,iterative,1,55,55,0.3587895353759175,0.3138534509041699,0.7400946783079242,0.8310907311084764,1505.8912242542613,439.85226162997157,118.4825439453125,253.2470703125,113.5647929960007,-50.14751015174222,345.05704770499176,95.64980076818767,-16.753903689038708,-134.8148723727759,
1729,iterative,1,55,55,0.33160880437615353,0.2875618040743078,0.6711094278847993,0.8083458423912336,1505.4929887251421,437.87436467950994,118.2745361328125,253.7664794921875,113.4223271691157,-50.60832114718225,344.8947282095338,95.51850906462758,-17.132286825160215,-135.12884624880596,
1730,iterative,1,52,52,0.3285417103055627,0.30003327030122684,0.6772869162569117,0.7162986300469529,1508.1344557542068,439.3398595956656,112.5885009765625,253.28753662109375,113.4517537046683,-51.54099886450554,345.3799575648234,95.59084642725935,-18.174539095205382,-135.00769062915109,
1731,iterative,1,52,52,0.33717898294667353,0.33163177778346475,0.6682920030480736,0.7536086413353076,1507.0113079364482,433.8286936833308,112.11962890625,252.446044921875,113.51016478551114,-52.886269632005494,346.10952615286703,95.71188757841023,-19.687766996656322,-134.80538893634164,
1732,iterative,1,52,52,0.35107904790991473,0.3540223904282567,0.715634637750129,0.766072271688202,1506.4370891864482,430.7770203810472,111.8880615234375,252.23193359375,113.44967422739124,-53.65277855879861,346.2960476729856,95.681370742354,-20.472302460037817,-134.90315472461361,
1733,iterative,1,52,52,0.35575597708640366,0.35123627320354067,0.7284604611516248,0.8044667561809531,1505.3655301607573,425.044066795936,111.901611328125,251.839111328125,113.3628720943828,-55.04124571367364,346.8584423318221,95.65451884983801,-21.97226571404299,-134.870710692005,
1734,iterative,1,52,52,0.3216144638919975,0.26106235202948397,0.6034470208447011,0.910140306081479,1504.1537945087139,417.3861958430364,113.9173583984375,251.45947265625,113.24311228292414,-56.33733841345566,347.1827434780712,95.58568198398108,-23.30269887894002,-135.02748764174063,
1735,iterative,1,55,55,0.3246414632160166,0.2624045107091928,0.6164217372691523,0.8770386336485096,1500.5603160511364,411.36425836736504,117.4930419921875,251.20932006835938,113.18834875679856,-57.00952358136937,347.40558482579115,95.55870332037247,-24.011812854673003,-135.0578147111768,
1736,iterative,1,55,55,0.32582800250150556,0.3014870212044201,0.606920104993361,0.8736154320949638,1499.5277010830966,406.19725563742895,117.08544921875,250.892333984375,113.10011093850706,-58.30229174232895,347.797519472694,95.52296143641713,-25.361910849827325,-135.1505838828993,
1737,iterative,1,55,55,0.32091889576920385,0.29877008357117546,0.5850046648673253,0.8264303442937874,1499.1719193892045,403.4847373268821,117.355712890625,250.93353271484375,113.005997979503,-58.964726336271404,347.9026693583228,95.4533718796132,-26.021679843103158,-135.28694922984494,
1738,iterative,1,55,55,0.33306372616942714,0.2961388104973078,0.6581228287601038,0.9008112990319346,1498.7359685724432,401.0129344593395,117.2943115234375,250.79214477539062,112.90236161686992,-59.51653429069393,347.8892432556142,95.36763203879633,-26.536391261702867,-135.49463555514708,
1739,iterative,1,55,55,0.3479660202834614,0.31701372354364965,0.7169708752425608,0.8720702753138744,1498.5350053267045,400.1217729048295,117.282958984375,250.74951171875,112.84911414359973,-59.74743631213592,347.91978356769073,95.32279571087238,-26.76500562584839,-135.54763483610466,
1740,iterative,1,55,55,0.35254290996375476,0.337501721892434,0.6950472492394346,0.8869574921403933,1498.1674826882102,397.85040949041195,117.32861328125,250.45187377929688,112.8456248253827,-60.302893268396566,348.22099801593157,95.34518931246086,-27.390900467022988,-135.4637961587062,
1741,iterative,1,55,55,0.36671746957643103,0.33666187005794485,0.8364202429359855,1.03150328728981,1497.579989346591,395.112431751598,116.95556640625,250.18984985351562,112.7968944601819,-61.00093726680501,348.3744585933647,95.32333540125433,-28.099283116383162,-135.56823106514662,
1742,iterative,1,55,55,0.32334571934314577,0.30160693217597495,0.6642992075106049,0.882617964559113,1497.2771617542614,393.5877879749645,116.8968505859375,249.98004150390625,112.88195018061772,-61.42363531612617,348.7926021437931,95.43278735027357,-28.63920059267764,-135.32893723971162,
1743,iterative,1,55,55,0.33277514230052185,0.2946720327009931,0.6246526760253412,0.935502914411587,1496.2676513671875,388.85037730823865,116.12548828125,249.06582641601562,112.99790045778708,-62.65756484064768,349.5686088033876,95.60883035744548,-30.062649001547385,-135.04430350856128,
1744,iterative,1,55,55,0.34595278473072694,0.29387104450921714,0.5954673976780835,0.9808201754399133,1495.0148282137784,383.1385198419744,115.8228759765625,248.6180419921875,112.93156795615614,-64.12114187863385,350.18695690216316,95.60631476543382,-31.651821751401364,-134.98654746064602,
1745,iterative,1,55,55,0.3616974593092014,0.3189024733635147,0.6310584092260816,0.9555821239416142,1494.5045521129261,380.6805375532671,115.5284423828125,248.4541015625,112.88933483110617,-64.75794230289372,350.34062878732374,95.58894379575815,-32.302822682416384,-135.06906717167288,
1746,iterative,1,55,55,0.3328861469108041,0.28313699056577846,0.6054823143783885,0.9908389046116617,1493.9723122336648,377.7864002574574,115.1502685546875,248.46511840820312,112.78669360337132,-65.47246520838787,350.3276808452792,95.50956134228133,-32.96963264084418,-135.33422515992032,
1747,iterative,1,55,55,0.33809499058263814,0.3018674139065381,0.6007541470851606,0.997245326778639,1493.5857599431818,375.166215653853,115.0216064453125,248.14877319335938,112.80778388845327,-66.12521840079332,350.63776131918894,95.5599371572684,-33.68857026381793,-135.27702024616568,
1748,iterative,1,53,53,0.33978726027046857,0.28153636259011494,0.6030901690333776,1.0323207213991656,1495.1209831957547,374.53823276735704,114.859130859375,247.85768127441406,112.86219098961503,-66.56844181935453,350.9704785920957,95.63728269653612,-34.21853336999925,-135.12449258064092,
1749,iterative,1,54,54,0.34255854686426057,0.31225082883306715,0.5706201084206808,1.033566393650969,1493.1939516420719,368.54281248869717,114.7452392578125,247.29664611816406,112.75411483041239,-67.62089237826852,351.32526560093277,95.57287757806944,-35.331779852544656,-135.16621435674801,
1750,iterative,1,55,55,0.344121950829532,0.31494509272939974,0.6167097702333306,1.087914145912246,1491.9085626775568,366.4875174782493,114.4453125,247.02532958984375,112.72484576174404,-68.21877050048342,351.4213774653268,95.56572467875749,-35.92547002854231,-135.28882442499915,
1751,iterative,1,55,55,0.3374158713758869,0.30487730968704596,0.619238416885725,1.055261236620122,1491.192948774858,362.33722811612216,114.2359619140625,247.49075317382812,112.60581116619967,-69.25854508969628,351.5547629086123,95.4843577433038,-36.948675828766085,-135.53279454610606,
1752,iterative,1,55,55,0.3408738236460711,0.32031479596249196,0.6050660145746793,1.0527420656344362,1490.625244140625,359.51832219904117,114.1571044921875,247.3831787109375,112.51804765814734,-69.97564068880756,351.7151136200932,95.42430495575391,-37.67884962662963,-135.63710547508217,
1753,iterative,1,55,55,0.3405419836719535,0.3236016153837624,0.6086497153115021,1.0552932612161694,1490.3987748579545,358.6628115567294,114.203857421875,247.37472534179688,112.49028060582516,-70.20631792536842,351.8256837663246,95.40694249333089,-37.9346667712227,-135.61554422904896,
1754,iterative,1,55,55,0.34150426790718824,0.3045435318739916,0.6085889573589414,1.0418469094992873,1489.8819779829546,356.374712302468,114.6324462890625,247.20948791503906,112.38447291146989,-70.75918463765035,352.0476698709895,95.32501807839778,-38.534066806185834,-135.60359899055865,
1755,iterative,1,54,54,0.3457596618033088,0.30789898478571986,0.6142419939467574,1.0595176604982173,1490.351734302662,354.98488758228444,114.5662841796875,246.9236297607422,112.37995196608347,-71.53411244780479,352.42481669185076,95.35551763074213,-39.39194785885958,-135.52689728814033,
1756,iterative,1,53,53,0.33179238963066404,0.29254389015737864,0.6088063555828517,1.0844323596642609,1490.968084371315,353.0183854013119,114.468994140625,246.83096313476562,112.40652027261213,-71.92562855040316,352.6457190707501,95.40052175670652,-39.83501029779162,-135.46012230507958,
1757,iterative,1,53,53,0.33438077415059014,0.2919720691693124,0.5978517185577666,1.0675194075550163,1490.6500105947819,351.59629332344485,114.37744140625,246.99969482421875,112.28898709758838,-72.27342220236766,352.5564287839924,95.29227039755054,-40.13278846449434,-135.6659305497232,
1758,iterative,1,53,53,0.3415650328953639,0.31055200984538545,0.622364191474558,1.0476235911933791,1490.658000442217,351.53107610738505,114.45751953125,247.047119140625,112.27942867255955,-72.2896093103051,352.52321001119486,95.28241291662502,-40.13648756720755,-135.70261868850815,
1759,iterative,1,53,53,0.32547918420066185,0.30799996426560766,0.5789866894420775,0.8305483259875424,1490.4934934220223,350.9545512649248,114.4578857421875,247.65603637695312,112.29310209335293,-72.43134415223307,352.6734496256299,95.30453296883175,-40.321680166344635,-135.61282963509203,
1760,iterative,1,52,52,0.3347814799823362,0.3112741159039474,0.6060690811492515,0.820856345834611,1491.1455899752104,350.31173940805286,111.1068115234375,247.3545684814453,112.30554885039155,-73.14399279962133,353.06715259493745,95.35035597638854,-41.12660171499648,-135.49869551696324,
1761,iterative,1,52,52,0.32982776940294617,0.30751723044425894,0.5948414471205506,0.8468426199336689,1490.8073941744292,348.6572708716759,110.9012451171875,247.11866760253906,112.37901973750485,-73.61313089924228,353.43978562627876,95.44860999906838,-41.69418786954731,-135.3183181125989,
1762,iterative,1,53,53,0.32595752896409314,0.2831880791590445,0.6107142317670817,0.8560157906505524,1488.9750746241157,345.0069107919369,110.4267578125,246.6282501220703,112.39569497986999,-74.72479507310426,353.9762575375857,95.51538832878111,-42.92231205284304,-135.2128237721702,
1763,iterative,1,53,53,0.33064400874312067,0.3028218450855158,0.6397211153121123,0.8411890858242775,1487.9411505933078,340.4342541964549,110.2308349609375,246.2162322998047,112.32239165085943,-75.91456111960865,354.4639850261138,95.49360194335296,-44.20964118879421,-135.17960065272317,
1764,iterative,1,53,53,0.32883270539417087,0.2968906519591994,0.6122171479784575,0.8248278319030122,1487.4535879459022,338.21400019807635,110.1300048828125,246.12339782714844,112.2475810935844,-76.4884534990745,354.59649741638054,95.44107798052278,-44.795667649182576,-135.25911692348754,
1765,iterative,1,53,53,0.33386618264770673,0.30772506126343896,0.6390427636168236,0.8223011284648424,1486.6484973835495,334.6885226267689,109.9151611328125,245.94883728027344,112.18449016526684,-77.42456111045573,354.9221610055245,95.4170572447468,-45.78812411503692,-135.28718587880638,
1766,iterative,1,53,53,0.34199424822322355,0.3056017978580646,0.6593172380530201,0.8214315417188036,1486.317159400796,333.1486802011166,109.7132568359375,245.8123779296875,112.13917539945709,-77.81679742346397,354.98890135944333,95.38636737727263,-46.17995962055801,-135.36386766759193,
1767,iterative,1,53,53,0.36402474513982025,0.3056249208989314,0.7421689592286922,0.8452651006701312,1485.519941221993,329.7504001833358,109.443359375,245.25999450683594,112.21305647820589,-78.79537352869541,355.69271249005754,95.51015511716355,-47.34094860237124,-135.05532124537243,
1768,iterative,1,53,53,0.3669460928081347,0.30661015361765587,0.7650095056217804,0.8889812686074633,1484.5187343381485,325.2111237723872,109.1053466796875,244.98519897460938,112.13352171869082,-79.99357916488623,356.0744508049302,95.47974131811505,-48.598762315926734,-135.1240695430353,
1769,iterative,1,53,53,0.3636293603253806,0.3047888904760536,0.7629759803881545,0.8750437038615684,1484.1887137934846,323.68339423413545,108.9971923828125,244.94302368164062,112.07667123542085,-80.3866119407533,356.1229691627491,95.43709128927337,-48.98532786564979,-135.21792486897021,
1770,iterative,1,53,53,0.32319139908526817,0.28744361898076976,0.625171930907723,0.7711884684534758,1483.9872724425118,322.1646506831331,109.1910400390625,245.0694580078125,112.04498418318914,-80.81482051052747,356.22587645010697,95.42211451089041,-49.42306417471784,-135.27377447175567,
1771,iterative,1,53,53,0.31831622782128693,0.25944865617444673,0.6552718865005661,0.7431867874633328,1483.8468501252948,320.81797041982975,109.278564453125,244.9956817626953,111.98983269111059,-81.12597078483186,356.35038502483224,95.38038989524361,-49.760077909435864,-135.26750035677122,
1772,iterative,1,53,53,0.3203794666104055,0.2766369020277947,0.6474167283598727,0.7652865580646072,1483.62639805056,319.840882499263,109.500732421875,244.96957397460938,111.93230004728728,-81.35566555130283,356.454433977834,95.33309032209014,-50.013843725982824,-135.2513282758299,
1773,iterative,1,53,53,0.32544377844973676,0.2688800304769058,0.6654201206520672,0.8050631841625357,1482.9942626953125,317.5198850811652,109.3768310546875,244.82398986816406,111.8531367162826,-81.9656346969781,356.6650854144116,95.27937872064851,-50.66149049966667,-135.27061401644946,
1774,iterative,1,53,53,0.3314846939544312,0.2878526785588401,0.6491852618825791,0.7989628100296108,1482.4538965765034,315.3761536220335,109.29296875,244.71994018554688,111.77072448030675,-82.52035875623528,356.81817815531366,95.21914942437596,-51.23722632746505,-135.32398661554356,
1775,iterative,1,53,53,0.3227805216679226,0.27048692963141285,0.6176502058827703,0.7901187154832943,1482.3171547943691,314.7074196293669,109.185791015625,244.6496124267578,111.7909831332964,-82.71943522221272,356.9401512694935,95.24902033229507,-51.465672077378116,-135.28109651043184,
1776,iterative,1,53,53,0.31883347250495314,0.2728270441798644,0.6299326447871426,0.8045560792946198,1481.8458251953125,313.4825453848209,108.9068603515625,244.53768920898438,111.80387470780629,-83.08731422516999,357.19895732935134,95.28054018871984,-51.90066447079694,-135.17032717149712,
1777,iterative,1,53,53,0.3266973525058118,0.2829272660546169,0.6466153491988325,0.805577257780574,1481.320427660672,311.931117219745,108.9827880859375,244.41876220703125,111.69480203129626,-83.4758725381836,357.31075086635144,95.18716504611172,-52.30759964966643,-135.20283946500902,
1778,iterative,1,53,53,0.3270785183965388,0.27312223941954095,0.692820600168505,0.8215780103664257,1480.9802361254422,310.9340512257702,108.9385986328125,244.23489379882812,111.70016705063459,-83.76836010368221,357.5663517347616,95.2086044993398,-52.67134050413398,-135.06814535239695,
1779,iterative,1,53,53,0.33490956739742084,0.29295957102676123,0.6758192090184478,0.8788885220614037,1480.2695082178657,308.2879209698371,109.1192626953125,244.0366973876953,111.57677282723317,-84.44522950284258,357.8613071995667,95.11503093471397,-53.41316914515781,-135.03193348325337,
1780,iterative,1,53,53,0.34399924197185655,0.28296039413571233,0.7101143700542766,1.015825537612667,1479.9224600162147,306.92547348310364,109.386474609375,243.99827575683594,111.42670180774734,-84.7453929641744,357.75193675664894,94.97219584208379,-53.660623436528894,-135.23916721165588,
1781,iterative,1,53,53,0.3515464588217524,0.2929687820782177,0.7366126415542031,1.1329054686528783,1478.9545414762677,304.06169646640996,109.147705078125,243.65916442871094,111.34783047823603,-85.52182530374878,358.1498220900349,94.92898263684759,-54.530229127970614,-135.142735041791,
1782,iterative,1,53,53,0.37454167805870975,0.30304811353517325,0.7767535265768857,1.3271930734860524,1477.6853096440154,300.0076889901791,109.060546875,243.32974243164062,111.13714027875021,-86.55548426447315,358.46020626575444,94.76031151529443,-55.61423053240196,-135.21803810764564,
1783,iterative,1,53,53,0.36312771148259315,0.3116482653305064,0.7561276328881077,1.3156516657491952,1477.2448569243809,298.2332616842018,109.1195068359375,243.55697631835938,110.97462969035678,-87.00433211877038,358.24653689974826,94.60730100697592,-55.96399852347881,-135.57549974527808,
1784,iterative,1,55,55,0.3058805460563187,0.3041123273194509,0.6204085286092562,0.8050723696966381,1475.2899525035511,294.80591236461294,112.1402587890625,243.46041870117188,110.79123569957163,-86.70806683779846,357.6388595764226,94.39896277407016,-55.47875145820399,-136.03572650265056,
1785,iterative,1,55,55,0.30703544414997824,0.27236448313379885,0.6172947239834526,0.8403109249473978,1475.112772993608,294.2738064852628,111.9039306640625,243.2836151123047,110.8380987767447,-86.86369065580274,357.7910201481741,94.45474922560645,-55.67627953490057,-135.9494809748266,
1786,iterative,1,55,55,0.30263386512060353,0.26050093494692045,0.6344297378575523,0.8432404801916126,1474.7198419744318,292.3512268066406,111.6856689453125,243.0335235595703,110.82723398647629,-87.37341379942423,358.0251688366217,94.46657461069279,-56.23593373719493,-135.91194873222773,
1787,iterative,1,55,55,0.3113741590697688,0.25680277464519036,0.6814911032966509,0.8936238905867048,1474.5992076526989,291.4391138250177,112.6263427734375,243.1237030029297,110.71645200489735,-87.53387070516051,357.9158808452057,94.35840245864553,-56.35137708435724,-136.06985550923926,
1788,iterative,1,55,55,0.31455179168937564,0.2777167125153125,0.6931962154538877,0.9463207619163579,1474.388292347301,290.59748507412996,112.6119384765625,243.182861328125,110.67729393446423,-87.81085293877898,357.9923780803398,94.330320363841,-56.63879147526987,-136.09647698649334,
1789,iterative,1,55,55,0.3221715746521188,0.27330960615740524,0.7141003957158398,1.005589530165125,1474.302519087358,290.46068004261366,112.4189453125,243.11436462402344,110.6999736962644,-87.85048214402495,358.01534100075276,94.35486424060572,-56.683058313246676,-136.0893927514234,
1790,iterative,1,55,55,0.32927037402969356,0.25343624812692656,0.7960936381888019,0.9191229972295304,1474.2053777521307,290.4365079012784,112.2620849609375,243.75880432128906,110.6566076297901,-87.83034686460881,357.91198581279673,94.30826101112658,-56.62926600495415,-136.1782908202816,
1791,iterative,1,55,55,0.332185779621033,0.2600542858331056,0.8015308311202517,0.9396741370812858,1474.1957341974432,290.40246526544746,112.2664794921875,243.7535400390625,110.64522497429495,-87.82546559207672,357.87783012092746,94.29586433671017,-56.61302790851275,-136.20833494852815,
1792,iterative,1,55,55,0.31787030358088636,0.2428989632924414,0.7926922339034806,0.9222527669163867,1474.1838489879262,290.4132676558061,112.272705078125,243.75291442871094,110.64440687068357,-87.81177162344501,357.860210888786,94.29415127084218,-56.59401288903992,-136.21991622010944,
1793,iterative,1,55,55,0.32502479023147957,0.24258362422153898,0.8020470615687071,0.9582893298216628,1474.1546630859375,290.4048553466797,112.3148193359375,243.81060791015625,110.62755780292069,-87.80768303230407,357.82425221848985,94.27627338567972,-56.57809189453164,-136.25186206158298,
1794,iterative,1,55,55,0.3358809715822029,0.29346979542102924,0.7957081534303535,0.8842980749233821,1474.1887318004262,290.4416345769709,112.293212890625,243.80831909179688,110.67644241515767,-87.81681192500199,357.9062598384029,94.32748889516493,-56.61380330797377,-136.17906124938017,
1795,iterative,1,55,55,0.32733110009340294,0.2845871861986647,0.6703115892126892,0.9153606625297838,1474.2638338955967,290.5372555819425,112.2357177734375,243.21200561523438,110.77542413701475,-87.87121585796967,358.15148176255815,94.43437257414908,-56.74777972660158,-135.97045358008432,
1796,iterative,1,55,55,0.31871591562874946,0.27631230794272704,0.6658744185298126,0.9204754508571855,1474.3264581853693,290.56703935102985,112.2437744140625,243.17738342285156,110.80221932465027,-87.86806975540155,358.1936004224612,94.46210579552198,-56.75873663994288,-135.93029544222745,
1797,iterative,1,55,55,0.32181519570516665,0.27072802477757735,0.6596400230939059,0.9432089481949197,1474.2973455255683,290.48470653187144,112.31396484375,243.2059783935547,110.7786478422527,-87.88571678140545,358.1620480345843,94.43833744458547,-56.76494777636839,-135.9657788576211,
1798,iterative,1,55,55,0.3044993165940894,0.25394193990765124,0.663951004015589,0.9324626645110335,1474.609972034801,290.7949473987926,112.23046875,243.25425720214844,110.84203293281467,-87.8041072210817,358.1192666900413,94.49790288550959,-56.67101518631142,-135.9774690353529,
1799,iterative,1,55,55,0.30862723747365123,0.2522654608314585,0.6565984894061576,0.9684340482124874,1474.6493208451705,290.77015491832384,112.1754150390625,243.25205993652344,110.86188049305134,-87.82069085261466,358.13237560695853,94.51861006299936,-56.69037109674147,-135.97135775752054,
1800,iterative,1,55,55,0.2991570467447486,0.2669255445036712,0.6699106923690948,1.001532879055977,1474.5262184836647,290.6557023481889,112.126708984375,243.22169494628906,110.85821511010148,-87.88685728715005,358.23103876849467,94.51961749806199,-56.78735620152469,-135.90266477345094,
1801,iterative,1,55,55,0.30081737539409786,0.25854547734172867,0.6689566885744773,0.9702726364556398,1474.641865678267,290.7336844704368,112.1005859375,243.2455596923828,110.86454614128328,-87.85512140065971,358.1706595849464,94.5233733280005,-56.73601941687524,-135.94786789874598,
1802,iterative,1,55,55,0.3155840591035948,0.27414727736821026,0.6719958630964216,0.9438177016234124,1474.507792524858,290.6681657270952,112.400390625,243.23052978515625,110.75984438093644,-87.7917088763413,357.95977224562074,94.41134608800712,-56.60605155232736,-136.12111722322476,
1803,iterative,1,55,55,0.3037582151593049,0.25960773313123914,0.6084577656438542,0.9700003613114301,1474.4725075461647,290.63150468306105,112.4056396484375,243.22885131835938,110.72412680065324,-87.79976000844513,357.8999916007845,94.37441304939378,-56.59375698376951,-136.1794189042403,
1804,iterative,1,55,55,0.29085458046901846,0.26212928671282504,0.5329126134650872,0.9132666743980603,1474.5493141867898,290.6791281960227,112.4173583984375,243.2217559814453,110.7291990283488,-87.77589630059543,357.8893089792988,94.37842612893694,-56.567473643315864,-136.18096927681373,
1805,iterative,1,55,55,0.29417693217515894,0.2543500420616872,0.5421377832207378,0.9497112485559898,1474.5287331321022,290.70296131480825,112.393310546875,243.21434020996094,110.7163977044133,-87.76595797821314,357.86535609861124,94.36470357862278,-56.55019267988796,-136.1996627129715,
1806,iterative,1,55,55,0.2993857403604066,0.2727692415304406,0.5359621155231297,1.0001973382695997,1474.6265647194602,290.7138319535689,112.4661865234375,243.2647247314453,110.74720203668197,-87.77548075790416,357.8673986984133,94.39584619482372,-56.55858829447047,-136.2015102912397,
1807,iterative,1,55,55,0.2924850390007101,0.2861623394682971,0.5490751308040792,0.9947917131607511,1474.5585471413353,290.5307356400923,112.4891357421875,243.21337890625,110.76542006676955,-87.83022271007042,357.952203528581,94.4179922366562,-56.63911194508593,-136.14196256508896,
1808,iterative,1,54,54,0.2812558751493948,0.26272425018292356,0.5363215979071545,0.9841292624265786,1475.7819326895255,292.2998422693323,112.5130615234375,243.3119659423828,110.81803817115411,-87.7750806324161,357.90497245044196,94.46755789541697,-56.568746028171105,-136.16710161016988,
1809,iterative,1,54,54,0.30035336369939714,0.26164043306334506,0.6171760537388301,0.9643837108044311,1475.6734935619213,292.1262037489149,112.5029296875,243.32069396972656,110.79973990414074,-87.78754891074223,357.881845608827,94.449100871148,-56.57290355300188,-136.19293160408415,
1810,iterative,1,54,54,0.2845379283270085,0.2486032963972445,0.5258030465961838,0.972892043619096,1475.682664659288,292.2035406607169,112.4560546875,243.24765014648438,110.80705139114079,-87.79968342218703,357.9542182135555,94.45863434643128,-56.60965142143263,-136.1297081500487,
1811,iterative,1,54,54,0.2821748231851488,0.2490921888779072,0.5266853319430268,1.0244979758017583,1475.7389074254918,292.15320389359084,112.493896484375,243.2750244140625,110.80883149553803,-87.81591547639509,357.9383336464423,94.46054523999234,-56.61909882577993,-136.15034944033664,
1812,iterative,1,54,54,0.28410779168092504,0.2512547799044942,0.5184607159857493,0.9858403641201903,1475.552311650029,292.0525557906539,112.4366455078125,243.2938690185547,110.77567767054006,-87.84588973203468,357.97928635577733,94.42944075879271,-56.66295599096324,-136.1223527114847,
1813,iterative,1,54,54,0.28251457706044164,0.2456308920248283,0.518923860430124,0.97173944316871,1475.6379733615452,292.08018493652344,112.427978515625,243.29051208496094,110.79805809271332,-87.83740542409963,357.9777150560966,94.45148319336795,-56.65358487848944,-136.12106854269635,
1814,iterative,1,54,54,0.2868796936062283,0.2586466126927763,0.5312165111696012,0.9472875927006829,1475.6173412181713,292.1199292783384,112.439208984375,243.35086059570312,110.76756562781674,-87.82025943967406,357.916837229861,94.41891441323028,-56.61716010325331,-136.17149071275978,
1815,iterative,1,54,54,0.29748702058821347,0.27026530803076365,0.5588402710939597,0.9065184077870456,1475.6488873517071,292.0163820054796,112.4366455078125,243.30349731445312,110.76854203596518,-87.81854118998594,357.8964363620745,94.41931784070499,-56.60827058473346,-136.18995459285208,
1816,iterative,1,54,54,0.30007101019392196,0.27357384895190806,0.5738738396304478,0.9207601206383282,1475.7737698025173,292.1341648808232,112.4083251953125,243.2479705810547,110.82464260863445,-87.80376809662239,357.952949644229,94.47631269106648,-56.612316933169964,-136.1325569997159,
1817,iterative,1,54,54,0.3012069391534049,0.2680473716750681,0.5714968276704099,0.9618893384183701,1475.7038212528935,292.06862301296655,112.4580078125,243.3351287841797,110.77465500477216,-87.8080111560482,357.8844676556608,94.424776749335,-56.59394214467619,-136.1974643237179,
1818,iterative,1,54,54,0.2974594187654858,0.27948956304531763,0.5678111837166202,0.9290611612781439,1475.7345377604167,292.1204904626917,112.4290771484375,243.24050903320312,110.82948489287112,-87.81639523777622,357.98365656442894,94.48234218393242,-56.63482419856223,-136.10841418341676,
1819,iterative,1,54,54,0.30028018291354963,0.25747844400196107,0.5677170189632875,0.959352334599657,1475.7485916702835,292.2165905987775,112.4222412109375,243.2919921875,110.82550680864973,-87.80500717360752,357.97432350770043,94.47775712243023,-56.62103139576482,-136.11303532066788,
1820,iterative,1,54,54,0.29224237840201955,0.2610206666961521,0.5383513817099898,0.9835601494699817,1475.6782904730903,292.11216198956527,112.41064453125,243.2239990234375,110.83911870019638,-87.83790645523536,358.0454243598072,94.49423630449556,-56.676470613847,-136.05846511679886,
1821,iterative,1,54,54,0.3164882076170464,0.283962144925929,0.6747275661656946,0.9474507455523264,1475.590623643663,292.129483823423,112.4002685546875,243.28111267089844,110.78672534160764,-87.82638666622677,357.9813413086668,94.43988948687677,-56.645032034408786,-136.1136234900897,
1822,iterative,1,54,54,0.3183037742434822,0.2717878984606834,0.6613919651634819,0.968656534126914,1475.644015842014,292.1446569937247,112.3988037109375,243.32127380371094,110.77769907758174,-87.80803892173822,357.91648685507914,94.4286284047308,-56.605219704840636,-136.16758995897078,
1823,iterative,1,54,54,0.3129208122940774,0.2805830535322872,0.6384625288549317,0.9973898037033854,1475.5412484628182,292.11338184497976,112.4119873046875,243.22567749023438,110.74228938642183,-87.81747596331114,357.92063431896247,94.39366435752541,-56.61691321768511,-136.16665049171337,
