label,frame,valid,rel_x_mm,rel_y_mm,rel_z_mm,abs_x_mm,abs_y_mm,abs_z_mm,point_count,inlier_count,reproj_mean_px,reproj_p95_px,centroid_u_px,centroid_v_px,span_u_px,span_v_px
logged,1597,1,0.0,0.0,0.0,92.97907702499447,44.07604671931078,-141.0324005075313,54,,0.735,1.919,1553.194,688.853,132.852,279.107
logged,1598,1,0.03835312401737667,-0.016105104522907254,0.05704965807444751,93.01743014901184,44.059941614787874,-140.97535084945685,54,,0.742,1.908,1553.201,688.894,132.771,279.06
logged,1599,1,0.0147540990965922,-0.015400205383777177,0.010869693371148514,92.99383112409106,44.060646513927004,-141.02153081416014,54,,0.732,1.901,1553.186,688.853,132.822,279.122
logged,1600,1,0.046937621086925674,-0.023154055116933137,0.08196187807959632,93.02601464608139,44.05289266419385,-140.9504386294517,54,,0.717,1.9,1553.183,688.829,132.746,279.098
logged,1601,1,0.05574010503453053,-0.043646403470589235,0.08035566037816011,93.034817130029,44.03240031584019,-140.95204484715313,54,,0.711,1.914,1553.231,688.843,132.751,279.12
logged,1602,1,0.025013533344520056,0.006162529599436084,0.01985815647429945,93.00409055833899,44.08220924891022,-141.012542351057,54,,0.728,1.912,1553.263,688.864,132.788,279.136
logged,1603,1,0.03902704330916151,0.0016412966707548549,0.004918946613145181,93.01810406830363,44.077688015981536,-141.02748156091815,53,,0.729,1.911,1552.593,690.876,132.747,279.151
logged,1604,1,0.05983874371349884,-0.007325194102918431,0.04161329453603457,93.03891576870797,44.06872152520786,-140.99078721299526,53,,0.735,1.925,1552.59,690.925,132.78,279.083
logged,1605,1,0.027720644418209872,-0.022591868209985932,-0.016827755757162777,93.00679766941268,44.053454851100796,-141.04922826328846,53,,0.737,1.908,1552.581,690.887,132.821,279.13
logged,1606,1,0.07719779138491845,-0.005295426955242988,0.07722991297836757,93.05627481637939,44.07075129235554,-140.95517059455292,53,,0.742,1.933,1552.577,690.945,132.841,279.06
logged,1607,1,0.031873523321650055,0.00879527716926276,0.016392730418630208,93.01095054831612,44.084841996480044,-141.01600777711266,53,,0.719,1.937,1552.546,690.972,132.854,279.113
logged,1608,1,0.06448944735407736,-0.00833768274411284,0.0924694231972012,93.04356647234854,44.06770903656667,-140.9399310843341,53,,0.716,1.921,1552.559,690.944,132.875,279.074
logged,1609,1,0.045602576560398234,-0.022719883167283683,0.05540949304869969,93.02467960155487,44.0533268361435,-140.9769910144826,53,,0.713,1.916,1552.531,690.844,132.835,279.116
logged,1610,1,0.07490319052969596,-0.0181219100532104,0.09381955246368534,93.05398021552416,44.05792480925757,-140.9385809550676,53,,0.721,1.913,1552.58,690.924,132.74,279.065
logged,1611,1,0.05685382174223719,-0.005260855815052423,0.04996965428526323,93.0359308467367,44.07078586349573,-140.98243085324603,53,,0.728,1.994,1552.575,690.936,132.798,279.138
logged,1612,1,0.0985606586566945,-0.024838149593335856,0.12487138539279385,93.07763768365116,44.051208569717446,-140.9075291221385,53,,0.715,1.914,1552.592,690.948,132.799,279.149
logged,1613,1,0.0831826414578245,0.02001537859837299,0.07598705665870398,93.06225966645229,44.096062097909154,-140.9564134508726,53,,0.726,1.913,1552.658,691.079,132.761,279.143
logged,1614,1,0.12885552640648257,-0.022962739811319466,0.15365860176001434,93.10793255140095,44.05308397949946,-140.87874190577128,53,,0.731,1.932,1552.604,691.013,132.501,279.054
logged,1615,1,0.1030222890836967,-0.0043952813079428665,0.14750284557990767,93.08209931407816,44.07165143800284,-140.88489766195138,52,,0.72,1.925,1551.869,693.567,132.573,279.105
logged,1616,1,0.1413173189457666,0.0066635709061131365,0.20631774569517347,93.12039434394023,44.082710290216895,-140.82608276183612,52,,0.723,1.934,1551.952,693.666,132.549,279.106
logged,1617,1,0.12124160419705277,-0.002733406782638781,0.1701146727918399,93.10031862919152,44.07331331252814,-140.86228583473945,52,,0.73,1.934,1551.897,693.551,132.548,279.093
logged,1618,1,0.10706388025020885,-0.024139436248042045,0.16878273953037137,93.08614090524468,44.05190728306274,-140.86361776800092,52,,0.738,1.916,1551.829,693.524,132.623,279.082
logged,1619,1,0.05306197445935368,0.018994777251201356,0.06464228727116961,93.03213899945382,44.09504149656198,-140.96775822026012,52,,0.719,1.92,1551.856,693.652,132.679,279.171
logged,1620,1,0.060141480676492165,-0.002142930156622924,0.08424019321185483,93.03921850567096,44.07390378915416,-140.94816031431944,52,,0.703,1.893,1551.84,693.566,132.686,279.245
logged,1621,1,0.0729250856227992,0.009278202733028706,0.10321747352529087,93.05200211061727,44.08532492204381,-140.929183034006,52,,0.71,1.923,1551.878,693.72,132.65,279.17
logged,1622,1,0.07296257497212366,0.01582874498816267,0.1281792240791333,93.05203959996659,44.091875464298944,-140.90422128345216,52,,0.729,1.923,1551.828,693.578,132.267,279.171
logged,1623,1,0.07582572483772765,0.023024798904543786,0.14046821024072642,93.0549027498322,44.099071518215325,-140.89193229729057,52,,0.735,1.886,1551.825,693.678,132.229,279.212
logged,1624,1,0.08239484303385325,0.006228387686718406,0.13176606933592439,93.06147186802832,44.0822751069975,-140.90063443819537,52,,0.73,1.911,1551.823,693.633,132.273,279.176
logged,1625,1,0.0711512086086259,-0.011809414178287625,0.13591557397990073,93.0502282336031,44.064237305132494,-140.8964849335514,52,,0.736,1.904,1551.774,693.664,132.177,279.173
logged,1626,1,0.03411086128166119,-0.0038465728856920123,0.07787588214364405,93.01318788627613,44.07220014642509,-140.95452462538765,52,,0.732,1.906,1551.744,693.575,132.559,279.194
logged,1627,1,0.08153171686029737,-0.04181230407113645,0.1509844706387753,93.06060874185476,44.034234415239645,-140.88141603689252,52,,0.731,1.897,1551.764,693.56,132.499,279.11
logged,1628,1,-0.010775836829481023,-0.0010948977530915727,0.015927414715946497,92.96830118816499,44.07495182155769,-141.01647309281535,52,,0.724,1.878,1551.699,693.598,132.579,279.248
logged,1629,1,0.06754906580709985,0.007421270887789433,0.1497432751311294,93.04662609080157,44.08346799019857,-140.88265723240016,52,,0.731,1.914,1551.77,693.664,132.524,279.1
logged,1630,1,0.007853181724328806,0.0446738376210547,0.05208239404066717,92.9869302067188,44.120720556931836,-140.98031811349063,52,,0.722,1.922,1551.78,693.71,132.601,279.153
logged,1631,1,-0.0023133940824209276,0.0058387512666087105,0.07719169120741753,92.97676363091205,44.08188547057739,-140.95520881632387,52,,0.732,1.887,1551.617,693.567,132.62,279.194
logged,1632,1,0.012324732086341328,0.014169428201839196,0.07354133724254552,92.99140175708081,44.09021614751262,-140.95885917028875,52,,0.732,1.902,1551.705,693.596,132.636,279.18
logged,1633,1,0.002817203109145794,0.015390908402480363,0.035737701453570025,92.98189422810361,44.09143762771326,-140.99666280607772,52,,0.726,1.906,1551.739,693.644,132.661,279.19
logged,1634,1,-0.04619458910839569,0.013656226960748086,-0.05134751602864185,92.93288243588607,44.08970294627153,-141.08374802355993,54,,0.702,1.875,1553.132,689.03,132.671,279.232
logged,1635,1,0.03267380280495047,-0.013699885495427111,0.09236198215532454,93.01175082779942,44.062346833815354,-140.94003852537597,54,,0.713,1.954,1553.167,688.999,132.728,279.153
logged,1636,1,0.05165416330757466,-0.00015962751705700384,0.13445007226494,93.03073118830204,44.075887091793724,-140.89795043526635,54,,0.714,1.923,1553.126,689.052,132.703,279.11
logged,1637,1,0.04958516008699121,-0.027008282887393875,0.12323093992418421,93.02866218508146,44.04903843642339,-140.9091695676071,54,,0.717,1.907,1553.099,688.798,132.746,279.161
logged,1638,1,0.03665206507207586,-0.030194988632324282,0.11915909024256166,93.01572909006654,44.04585173067846,-140.91324141728873,54,,0.722,1.934,1553.05,688.806,132.75,279.11
logged,1639,1,0.03611332782030274,-0.04331006642824775,0.11418872842673977,93.01519035281477,44.032736652882534,-140.91821177910455,54,,0.683,1.914,1553.044,688.859,132.505,279.254
logged,1640,1,0.04351484694672081,-0.00502848042768278,0.10713623327231403,93.02259187194119,44.0710182388831,-140.92526427425898,54,,0.703,1.87,1553.151,689.039,132.556,279.139
logged,1641,1,0.015767546598837612,-0.028226230660543195,0.05305341060616797,92.9948445715933,44.04782048865024,-140.97934709692512,54,,0.696,1.842,1553.108,688.887,132.553,279.224
logged,1642,1,0.07337598328477668,-0.052509602063693706,0.1867343213447441,93.05245300827924,44.02353711724709,-140.84566618618655,54,,0.697,1.838,1553.067,688.872,132.366,279.073
logged,1643,1,0.046964143348404264,-0.029114084164874043,0.1481848148184497,93.02604116834287,44.04693263514591,-140.88421569271284,54,,0.686,1.879,1553.074,688.92,132.452,279.181
logged,1644,1,0.05331003992242245,-0.05638200255680914,0.16975308371615938,93.03238706491689,44.01966471675397,-140.86264742381513,54,,0.708,1.869,1553.024,688.782,132.422,279.082
logged,1645,1,0.016365276100060555,-0.06903257574602151,0.13490990039292683,92.99544230109453,44.00701414356476,-140.89749060713837,54,,0.704,1.821,1552.939,688.701,132.411,279.138
logged,1646,1,0.03185263578887998,-0.09945518648163443,0.1571721205404515,93.01092966078335,43.97659153282915,-140.87522838699084,54,,0.713,1.829,1552.926,688.581,132.709,279.111
logged,1647,1,0.014383065316508237,-0.08443619753145981,0.08523295124848573,92.99346009031098,43.99161052177932,-140.9471675562828,54,,0.73,1.823,1552.892,688.633,132.589,279.13
logged,1648,1,0.04455203969348531,-0.15456979777823676,0.19901832421643917,93.02362906468795,43.921476921532545,-140.83338218331485,54,,0.718,1.823,1552.787,688.417,132.519,278.99
logged,1649,1,0.015479681588203675,-0.20240583002070878,0.11955442037640296,92.99455670658267,43.87364088929007,-140.9128460871549,54,,0.708,1.808,1552.666,688.183,132.365,279.014
logged,1650,1,0.01170305581850073,-0.17930774597999743,0.13164638512344595,92.99078008081297,43.896738973330784,-140.90075412240785,52,,0.73,1.857,1551.21,692.853,132.323,279.032
logged,1651,1,-0.00989867047363191,-0.21610642157174453,0.12787505964141133,92.96917835452084,43.85994029773904,-140.90452544788988,52,,0.72,1.86,1551.093,692.676,132.348,279.014
logged,1652,1,0.005353669245124593,-0.21687882089469213,0.14536132660691692,92.98443069423959,43.85916789841609,-140.88703918092438,52,,0.73,1.848,1551.097,692.688,132.271,278.977
logged,1653,1,0.11626024410838909,-0.37892795848831895,0.26055164155243915,93.09533726910286,43.69711876082246,-140.77184886597885,54,,0.705,1.777,1552.352,687.645,131.762,278.683
logged,1654,1,0.11200019822527452,-0.5268641720063556,0.2493834394131511,93.09107722321974,43.549182547304426,-140.78301706811814,54,,0.723,1.773,1552.157,687.023,131.233,278.536
logged,1655,1,0.30491030439475253,-1.0473931296515104,0.5064773817582306,93.28398732938922,43.02865358965927,-140.52592312577306,54,,0.723,1.787,1551.959,685.025,130.918,278.027
logged,1656,1,0.34785769361552354,-1.4546850091155434,0.5677460253026254,93.32693471860999,42.62136171019524,-140.46465448222867,54,,0.709,1.772,1551.844,683.332,131.114,277.834
logged,1657,1,0.37528285495451996,-2.109638535482574,0.5160378168158388,93.35435987994899,41.96640818382821,-140.51636269071545,54,,0.687,1.715,1551.652,680.352,131.372,277.765
logged,1658,1,0.4146374573850551,-2.3925154227137497,0.5230293787255675,93.39371448237952,41.68353129659703,-140.50937112880572,54,,0.669,1.657,1551.419,679.116,131.103,277.679
logged,1659,1,0.4031979629377389,-2.8999122163388833,0.4738803015650035,93.3822749879322,41.1761345029719,-140.5585202059663,54,,0.648,1.593,1550.991,676.885,130.95,277.533
logged,1660,1,0.46351605013909136,-3.142137022289276,0.5278605918444725,93.44259307513356,40.933909697021505,-140.50453991568682,54,,0.634,1.626,1550.775,675.988,131.084,277.316
logged,1661,1,0.6104141723852194,-4.090371007521483,0.8719045584116429,93.58949119737969,39.9856757117893,-140.16049594911965,54,,0.629,1.588,1549.956,672.235,130.784,276.596
logged,1662,1,0.6282435195111589,-4.649590371579677,0.9221222569191525,93.60732054450563,39.426456347731104,-140.11027825061214,54,,0.62,1.527,1549.518,669.862,130.828,276.313
logged,1663,1,0.5806101125573804,-5.522385035475033,0.6483860093782141,93.55968713755185,38.55366168383575,-140.38401449815308,55,,0.643,1.405,1549.907,668.028,133.749,276.021
logged,1664,1,0.4344120671698306,-5.7944133011572205,0.32314493848647885,93.4134890921643,38.28163341815356,-140.7092555690448,55,,0.613,1.423,1549.614,666.532,133.323,276.375
logged,1665,1,0.46094302098248363,-5.797853324404308,0.35429417170101374,93.44002004597695,38.278193394906474,-140.67810633583028,55,,0.619,1.422,1549.664,666.566,133.293,276.316
logged,1666,1,0.4537943198540688,-5.813811879053411,0.37303505230164546,93.43287134484854,38.26223484025737,-140.65936545522965,55,,0.604,1.335,1549.571,666.506,133.39,276.36
logged,1667,1,0.4269375814258467,-5.783220765059404,0.32118045418729935,93.40601460642031,38.29282595425138,-140.711220053344,55,,0.601,1.336,1549.616,666.559,133.407,276.373
logged,1668,1,0.39983291069279403,-5.7721903938190735,0.2672483882640222,93.37890993568726,38.30385632549171,-140.76515211926727,55,,0.609,1.392,1549.628,666.541,133.356,276.335
logged,1669,1,0.4238542840524673,-5.783076772924552,0.31489773633808227,93.40293130904693,38.29296994638623,-140.7175027711932,55,,0.615,1.397,1549.616,666.489,133.397,276.329
logged,1670,1,0.43753893528716503,-5.77825846833165,0.3035173030671672,93.41661596028163,38.29778825097913,-140.72888320446413,55,,0.602,1.417,1549.661,666.568,133.364,276.339
logged,1671,1,0.4187401040755958,-5.786800484978485,0.29328803639327816,93.39781712907006,38.289246234332296,-140.73911247113801,55,,0.616,1.441,1549.633,666.486,133.358,276.381
logged,1672,1,0.45190503434571383,-5.820613028464663,0.3597996842692339,93.43098205934018,38.25543369084612,-140.67260082326206,55,,0.599,1.397,1549.607,666.465,133.306,276.324
logged,1673,1,0.47679393685302784,-5.853598691041192,0.4065167967267769,93.4558709618475,38.22244802826959,-140.62588371080452,55,,0.6,1.42,1549.578,666.391,133.262,276.197
logged,1674,1,0.6735990691761202,-6.458041138408575,0.794271961375614,93.65267609417059,37.61800558090221,-140.23812854615568,55,,0.61,1.377,1549.187,664.186,133.14,275.674
logged,1675,1,0.7092034493108201,-6.883751120528828,0.8498087891424575,93.68828047430529,37.19229559878195,-140.18259171838884,55,,0.593,1.377,1548.784,662.446,133.088,275.365
logged,1676,1,0.7037668851812668,-7.3185860732456405,0.7906225773510016,93.68284391017573,36.75746064606514,-140.2417779301803,55,,0.603,1.347,1548.352,660.664,132.793,275.188
logged,1677,1,0.6845010798121223,-8.002151287256325,0.8405968401070254,93.66357810480659,36.07389543205446,-140.19180366742427,55,,0.586,1.305,1547.735,657.743,132.877,274.978
logged,1678,1,0.6854957118946885,-8.346851409087087,0.8657928063890381,93.66457273688916,35.729195310223695,-140.16660770114225,55,,0.567,1.262,1547.422,656.193,132.63,274.853
logged,1679,1,0.8331130025971163,-9.181151910231023,1.0626374387177009,93.81219002759158,34.89489480907976,-139.9697630688136,55,,0.565,1.253,1546.83,652.989,132.074,274.294
logged,1680,1,0.8576413771222491,-10.312143435675495,1.1949874603117507,93.83671840211672,33.76390328363529,-139.83741304721954,55,,0.557,1.206,1546.009,648.221,132.407,273.899
logged,1681,1,0.834429282384292,-10.84516853176595,1.1642393612541184,93.81350630737876,33.23087818754483,-139.86816114627717,55,,0.54,1.198,1545.613,645.906,132.475,273.759
logged,1682,1,0.8367612083963536,-11.980215658236745,1.1843536052470824,93.81583823339082,32.09583106107404,-139.8480469022842,55,,0.511,1.113,1544.671,641.038,132.327,273.291
logged,1683,1,0.796767339740839,-12.432147052416063,1.1078323309169207,93.7758443647353,31.64389966689472,-139.92456817661437,55,,0.499,1.093,1544.302,639.02,132.424,273.275
logged,1684,1,0.9020512840313017,-13.162326226372432,1.2073494902163304,93.88112830902577,30.91372049293835,-139.82505101731496,51,,0.458,1.013,1548.073,638.867,127.231,272.988
logged,1685,1,0.871227391150569,-13.764649296200837,1.0627161359021784,93.85030441614504,30.311397423109945,-139.9696843716291,53,,0.465,0.969,1545.585,637.836,126.775,272.75
logged,1686,1,0.8560354028119832,-13.975505682943165,1.0161566292435964,93.83511242780645,30.100541036367616,-140.0162438782877,53,,0.468,0.934,1545.339,636.805,126.253,272.707
logged,1687,1,1.0212365960770455,-14.5394393147105,1.3227808694880707,94.00031362107151,29.536607404600282,-139.70961963804322,55,,0.506,1.166,1542.551,630.177,131.023,272.199
logged,1688,1,0.9927689020668993,-15.492856707367217,1.296118803225653,93.97184592706137,28.583190011943564,-139.73628170430564,55,,0.458,0.915,1541.807,626.354,131.106,271.709
logged,1689,1,1.0296175769631049,-16.029721484493937,1.3371966103613318,94.00869460195757,28.046325234816845,-139.69520389716996,55,,0.454,0.883,1541.42,624.139,130.963,271.518
logged,1690,1,1.0770594216885598,-17.4504231190282,1.5856802858829155,94.05613644668303,26.62562360028258,-139.44672022164838,55,,0.455,0.849,1540.299,618.312,131.266,270.835
logged,1691,1,1.1019470911679718,-18.905142943302465,1.5082927108380488,94.08102411616244,25.170903776008316,-139.52410779669324,55,,0.431,0.826,1539.272,612.144,130.871,270.368
logged,1692,1,1.092947150492364,-19.536244523288733,1.5030204431414234,94.07202417548683,24.53980219602205,-139.52938006438987,55,,0.418,0.784,1538.684,609.472,130.698,270.032
logged,1693,1,1.19943375622546,-20.96262493771082,1.648225526222319,94.17851078121993,23.11342178159996,-139.38417498130897,52,,0.409,0.802,1539.261,609.913,125.227,269.361
logged,1694,1,1.2099483322769657,-22.249759516021843,1.5118582977302708,94.18902535727143,21.82628720328894,-139.52054220980102,52,,0.391,0.747,1538.132,604.487,124.498,268.869
logged,1695,1,1.112268456331691,-22.78210508275936,1.3656671919467271,94.09134548132616,21.29394163655142,-139.66673331558457,53,,0.385,0.699,1536.362,600.04,127.024,268.609
logged,1696,1,1.1195655842221868,-24.195421981039395,1.4618030175304568,94.09864260921665,19.880624738271386,-139.57059749000084,52,,0.397,0.788,1534.586,596.641,127.089,267.958
logged,1697,1,1.1804753346672499,-25.622166086181906,1.3930043202916238,94.15955235966172,18.453880633128875,-139.63939618723967,52,,0.365,0.649,1533.533,590.744,126.48,267.443
logged,1698,1,1.1420656534250924,-26.156206417840792,1.2595478833972322,94.12114267841956,17.91984030146999,-139.77285262413406,52,,0.359,0.648,1533.12,588.408,126.286,267.417
logged,1699,1,1.1198832521529596,-27.136983740196815,1.2490700484124204,94.09896027714743,16.939062979113967,-139.78333045911887,52,,0.351,0.658,1532.321,584.33,126.222,267.063
logged,1700,1,1.206669201079535,-28.378574726942634,1.3655218440207761,94.185746226074,15.697471992368147,-139.66687866351052,53,,0.352,0.694,1530.202,576.859,127.927,266.49
logged,1701,1,1.1986368433742314,-28.94996698631278,1.304798148797488,94.1777138683687,15.126079732998,-139.7276023587338,53,,0.356,0.696,1529.753,574.417,127.714,266.245
logged,1702,1,1.2339384113800094,-30.15886922953925,1.4093838343302707,94.21301543637448,13.917177489771532,-139.62301667320102,53,,0.359,0.701,1528.725,569.559,127.437,265.616
logged,1703,1,1.2462642191069904,-31.763489636279523,1.4572839881564335,94.22534124410146,12.312557083031258,-139.57511651937486,53,,0.368,0.727,1527.369,563.021,127.124,264.904
logged,1704,1,1.1711926113599986,-32.94264805127058,1.3022043761307316,94.15026963635447,11.1333986680402,-139.73019613140056,52,,0.342,0.681,1527.287,557.563,127.057,264.765
logged,1705,1,1.1760199512864915,-33.40018542048766,1.2726366139708034,94.15509697628096,10.675861298823122,-139.7597638935605,52,,0.348,0.664,1527.148,557.591,126.978,264.668
logged,1706,1,1.1610317373726673,-34.095561975588815,1.3062342338172925,94.14010876236713,9.980484743721966,-139.726166273714,50,,0.338,0.663,1529.034,559.259,120.288,264.559
logged,1707,1,1.2179421526494565,-34.62747707580981,1.4513842623736082,94.19701917764392,9.448569643500978,-139.58101624515768,50,,0.336,0.653,1528.74,557.143,120.355,264.157
logged,1708,1,1.2323893629915688,-35.83200345170606,1.5004096423677993,94.21146638798604,8.244043267604724,-139.5319908651635,51,,0.344,0.663,1526.663,550.646,122.729,263.701
logged,1709,1,1.117147317647138,-36.834006386502686,1.253230780723527,94.0962243426416,7.242040332808095,-139.77916972680777,53,,0.33,0.589,1523.555,541.831,127.14,263.57
logged,1710,1,1.1231446712284594,-37.52018157261716,1.2309004043098355,94.10222169622293,6.555865146693616,-139.80150010322146,53,,0.319,0.566,1522.999,539.092,126.838,263.359
logged,1711,1,1.1374023036987353,-37.95426384726931,1.3148664614350878,94.1164793286932,6.1217828720414715,-139.7175340460962,53,,0.331,0.63,1524.236,534.959,126.969,263.093
logged,1712,1,1.274500822173195,-39.38645233850558,1.5736813022044203,94.25357784716766,4.689594380805204,-139.45871920532687,54,,0.347,0.668,1523.902,527.153,126.789,262.242
logged,1713,1,1.2752842985744195,-40.70398956012593,1.4431437374591383,94.25436132356889,3.3720571591848447,-139.58925677007215,54,,0.338,0.65,1522.679,521.845,125.774,261.811
logged,1714,1,1.305431910778026,-41.375571053498554,1.4802842710824677,94.2845089357725,2.7004756658122275,-139.55211623644882,55,,0.354,0.648,1521.232,519.705,125.445,261.354
logged,1715,1,1.474389406460375,-43.25272798683926,1.7521026153193873,94.45346643145484,0.8233187324715239,-139.2802978922119,54,,0.363,0.682,1520.912,513.924,124.909,260.355
logged,1716,1,1.5406578387098477,-45.15391264004506,1.6419463204383078,94.51973486370431,-1.0778659207342756,-139.39045418709298,54,,0.36,0.692,1519.366,506.356,123.633,259.494
logged,1717,1,1.6421767031227432,-46.112836245920114,1.7541445301561112,94.62125372811721,-2.0367895266093328,-139.27825597737518,52,,0.362,0.717,1521.061,506.782,117.084,259.493
logged,1718,1,1.6980921440713388,-48.20730368546219,1.7259734783203555,94.6771691690658,-4.131256966151412,-139.30642702921094,52,,0.372,0.753,1519.354,498.413,116.359,258.424
logged,1719,1,1.7310567366893679,-49.2916580725871,1.7142304481955932,94.71013376168384,-5.215611353276316,-139.3181700593357,52,,0.376,0.754,1518.497,494.193,115.914,258.03
logged,1720,1,1.7550158345977707,-51.26862456575002,1.6641660243148237,94.73409285959224,-7.192577846439235,-139.36823448321647,51,,0.35,0.759,1518.035,485.961,115.507,257.391
logged,1721,1,1.7573460902677027,-52.90385511580324,1.5273390603011023,94.73642311526217,-8.827808396492458,-139.5050614472302,52,,0.355,0.71,1515.795,479.837,114.989,256.849
logged,1722,1,1.7442707290535395,-54.48197412289483,1.464003174854497,94.723347754048,-10.405927403584052,-139.5683973326768,52,,0.365,0.735,1514.546,473.535,114.663,256.326
logged,1723,1,1.7409740702175895,-55.282793245137285,1.4550664253684715,94.72005109521206,-11.206746525826503,-139.57733408216282,52,,0.351,0.679,1513.908,470.437,114.457,255.531
logged,1724,1,1.6664616852307574,-56.7892094012588,1.3468062338869515,94.64553871022522,-12.71316268194802,-139.68559427364434,54,,0.366,0.692,1510.455,461.223,118.049,254.951
logged,1725,1,1.6132216038823515,-58.09335575939557,1.1789438786769324,94.59229862887682,-14.01730904008479,-139.85345662885436,55,,0.358,0.683,1508.496,453.799,119.669,254.682
logged,1726,1,1.7008771535597162,-59.72735683256802,1.23504198454566,94.67995417855418,-15.651310113257239,-139.79735852298563,55,,0.388,0.744,1507.354,447.531,119.073,253.776
logged,1727,1,1.7109378988150468,-60.46000467850723,1.1467814880279832,94.69001492380951,-16.38395795919645,-139.8856190195033,54,,0.383,0.747,1507.671,443.978,118.961,253.617
logged,1728,1,1.6844419912517736,-61.623825596366686,1.0037086463172784,94.66351901624624,-17.547778877055904,-140.028691861214,55,,0.387,0.766,1505.891,439.852,118.483,253.247
logged,1729,1,1.554538097196513,-62.00021741505367,0.6897258806520199,94.53361512219098,-17.924170695742887,-140.34267462687927,55,,0.367,0.687,1505.493,437.874,118.275,253.766
logged,1730,1,1.6889125908028007,-63.080786374893144,0.8853561914412182,94.66798961579727,-19.004739655582362,-140.14704431609007,52,,0.359,0.693,1508.134,439.34,112.589,253.288
logged,1731,1,1.8061130333256727,-64.59077436821313,1.0627013811191546,94.78519005832014,-20.51472764890235,-139.96969912641214,52,,0.375,0.722,1507.011,433.829,112.12,252.446
logged,1732,1,1.7780775264847932,-65.37628666984276,0.9607286673929138,94.75715455147926,-21.30023995053198,-140.07167184013838,52,,0.389,0.712,1506.437,430.777,111.888,252.232
logged,1733,1,1.7496547762099368,-66.87270844321893,0.9738062601570618,94.7287318012044,-22.79666172390815,-140.05859424737423,52,,0.398,0.749,1505.366,425.044,111.902,251.839
logged,1734,1,1.6758716647262446,-68.2769795893821,0.8476333608745392,94.65494868972071,-24.200932870071313,-140.18476714665675,52,,0.339,0.679,1504.154,417.386,113.917,251.459
logged,1735,1,1.6114956059633556,-68.95095158410876,0.7558647748425926,94.59057263095782,-24.874904864797983,-140.2765357326887,55,,0.355,0.704,1500.56,411.364,117.493,251.209
logged,1736,1,1.5745617416314701,-70.29608391885554,0.6436823712124919,94.55363876662594,-26.220037199544755,-140.3887181363188,55,,0.354,0.707,1499.528,406.197,117.085,250.892
logged,1737,1,1.5038403507282965,-70.95223241000926,0.4989320951318348,94.48291737572276,-26.876185690698485,-140.53346841239946,55,,0.348,0.68,1499.172,403.485,117.356,250.934
logged,1738,1,1.415336368523242,-71.4605280123993,0.27923315174606955,94.39441339351771,-27.384481293088506,-140.75316735578522,55,,0.351,0.695,1498.736,401.013,117.294,250.792
logged,1739,1,1.371819442151434,-71.6906367323781,0.2271922629290941,94.3508964671459,-27.614590013067314,-140.8052082446022,55,,0.355,0.758,1498.535,400.122,117.283,250.75
logged,1740,1,1.3923875236885124,-72.31240526585076,0.2985073721637548,94.37146454868298,-28.236358546539975,-140.73389313536754,55,,0.374,0.75,1498.167,397.85,117.329,250.452
logged,1741,1,1.3700565314617847,-73.01833128710157,0.18489496391902094,94.34913355645625,-28.942284567790793,-140.84750554361227,55,,0.392,0.83,1497.58,395.112,116.956,250.19
logged,1742,1,1.4772233010539821,-73.55616720590575,0.41204647269512407,94.45630032604845,-29.48012048659497,-140.62035403483617,55,,0.346,0.645,1497.277,393.588,116.897,249.98
logged,1743,1,1.6486695945834668,-74.97256125466113,0.6663043478639281,94.62774661957793,-30.89651453535035,-140.36609615966736,55,,0.367,0.679,1496.268,388.85,116.125,249.066
logged,1744,1,1.642851979380353,-76.55403424989947,0.6967398647015557,94.62192900437482,-32.47798753058869,-140.33566064282974,55,,0.386,0.774,1495.015,383.139,115.823,248.618
logged,1745,1,1.624459235510244,-77.20204038219555,0.6028955282735637,94.60353626050471,-33.125993662884774,-140.42950497925773,55,,0.401,0.746,1494.505,380.681,115.528,248.454
logged,1746,1,1.5432557685611528,-77.86120186266419,0.3245860968454224,94.52233279355562,-33.78515514335341,-140.70781441068587,55,,0.367,0.718,1493.972,377.786,115.15,248.465
logged,1747,1,1.5899939876730969,-78.5726502289843,0.3611067887151762,94.56907101266756,-34.49660350967352,-140.67129371881612,55,,0.374,0.728,1493.586,375.166,115.022,248.149
logged,1748,1,1.6880429730708215,-79.12323440121153,0.536573212156668,94.66711999806529,-35.04718768190075,-140.49582729537462,53,,0.379,0.776,1495.121,374.538,114.859,247.858
logged,1749,1,1.5675139278114756,-80.0836710588147,0.3203183255508293,94.54659095280594,-36.00762433950391,-140.71208218198046,54,,0.387,0.748,1493.194,368.543,114.745,247.297
logged,1750,1,1.5732916983187408,-80.7719506136969,0.27258079629851295,94.55236872331321,-36.69590389438613,-140.75981971123278,55,,0.393,0.744,1491.909,366.488,114.445,247.025
logged,1751,1,1.4881532200466836,-81.78260095723869,0.003108492310929023,94.46723024504115,-37.7065542379279,-141.02929201522036,55,,0.378,0.737,1491.193,362.337,114.236,247.491
logged,1752,1,1.4254241799969378,-82.50661170268381,-0.11735522842880641,94.4045012049914,-38.430564983373024,-141.1497557359601,55,,0.374,0.743,1490.625,359.518,114.157,247.383
logged,1753,1,1.407724073733263,-82.76111632624796,-0.10017667136696673,94.38680109872773,-38.68506960693718,-141.13257717889826,55,,0.376,0.732,1490.399,358.663,114.204,247.375
logged,1754,1,1.324259262025521,-83.35572063641712,-0.1013340541236687,94.30333628701999,-39.27967391710634,-141.13373456165496,55,,0.385,0.733,1489.882,356.375,114.632,247.209
logged,1755,1,1.3688054581562028,-84.22583958614727,-0.022329942010486548,94.34788248315067,-40.14979286683649,-141.05473044954178,54,,0.386,0.816,1490.352,354.985,114.566,246.924
logged,1756,1,1.4206207540196374,-84.6766443378052,0.04998361824775088,94.3996977790141,-40.60059761849442,-140.98241688928354,53,,0.367,0.836,1490.968,353.018,114.469,246.831
logged,1757,1,1.312698811598807,-84.97069816439956,-0.160528142490989,94.29177583659327,-40.89465144508878,-141.19292865002228,53,,0.363,0.803,1490.65,351.596,114.377,247.0
logged,1758,1,1.303431537335726,-84.97521199067788,-0.19730779719384373,94.2825085623302,-40.899165271367096,-141.22970830472514,53,,0.361,0.829,1490.658,351.531,114.458,247.047
logged,1759,1,1.3226480461658525,-85.15689794380256,-0.11492490925255083,94.30172507116032,-41.08085122449178,-141.14732541678384,53,,0.36,0.717,1490.493,350.955,114.458,247.656
logged,1760,1,1.3878998079934775,-85.98085310104636,0.007819159564405709,94.36697683298794,-41.90480638173558,-141.0245813479669,52,,0.366,0.765,1491.146,350.312,111.107,247.355
logged,1761,1,1.4843250377133899,-86.54432890840322,0.17200865252007702,94.46340206270786,-42.468282189092434,-140.86039185501122,52,,0.366,0.775,1490.807,348.657,110.901,247.119
logged,1762,1,1.5347336583510724,-87.74684640022048,0.2218950518580982,94.51381068334554,-43.670799680909695,-140.8105054556732,53,,0.372,0.836,1488.975,345.007,110.427,246.628
logged,1763,1,1.5073416565167435,-89.02211454749242,0.21948034916292158,94.48641868151121,-44.94606782818164,-140.81292015836837,53,,0.384,0.823,1487.941,340.434,110.231,246.216
logged,1764,1,1.4531573001282965,-89.60113478020376,0.12393127468459397,94.43223432512276,-45.52508806089298,-140.9084692328467,53,,0.386,0.828,1487.454,338.214,110.13,246.123
logged,1765,1,1.4254767064402643,-90.58307041462064,0.06821597521147282,94.40455373143473,-46.507023695309854,-140.96418453231982,53,,0.392,0.858,1486.648,334.689,109.915,245.949
logged,1766,1,1.392773269676482,-90.97022705188257,-0.020266923971746564,94.37185029467095,-46.89418033257179,-141.05266743150304,53,,0.408,0.854,1486.317,333.149,109.713,245.812
logged,1767,1,1.5129657026860173,-92.12287441226565,0.2564347956636084,94.49204272768048,-48.046827692954864,-140.77596571186768,53,,0.446,1.026,1485.52,329.75,109.443,245.26
logged,1768,1,1.4759209516216885,-93.36388910485941,0.14637472486137426,94.45499797661616,-49.28784238554863,-140.88602578266992,53,,0.453,1.035,1484.519,325.211,109.105,244.985
logged,1769,1,1.4317214783197016,-93.74437913525654,0.03933387598470972,94.41079850331417,-49.668332415945756,-140.99306663154658,53,,0.443,1.02,1484.189,323.683,108.997,244.943
logged,1770,1,1.4150315752126374,-94.17690164328857,-0.03258084559530516,94.3941086002071,-50.10085492397779,-141.0649813531266,53,,0.418,0.991,1483.987,322.165,109.191,245.069
logged,1771,1,1.3709973476551909,-94.50647222994527,-0.04001153965322146,94.35007437264966,-50.43042551063449,-141.0724120471845,53,,0.42,1.009,1483.847,320.818,109.279,244.996
logged,1772,1,1.3219801196813847,-94.75643345760939,-0.03203056061440179,94.30105714467585,-50.68038673829861,-141.0644310681457,53,,0.42,0.982,1483.626,319.841,109.501,244.97
logged,1773,1,1.2659124769547248,-95.39684704843353,-0.07060324689379627,94.24498950194919,-51.32080032912275,-141.1030037544251,53,,0.424,1.012,1482.994,317.52,109.377,244.824
logged,1774,1,1.2014834102319298,-95.96326832658926,-0.14396421072098065,94.1805604352264,-51.88722160727848,-141.17636471825227,53,,0.431,1.03,1482.454,315.376,109.293,244.72
logged,1775,1,1.230924737572792,-96.18975500499673,-0.10885021424709862,94.21000176256726,-52.113708285685945,-141.1412507217784,53,,0.427,1.016,1482.317,314.707,109.186,244.65
logged,1776,1,1.2602425624339162,-96.62096587527053,-0.011358417140229449,94.23931958742838,-52.54491915595975,-141.04375892467152,53,,0.437,1.046,1481.846,313.483,108.907,244.538
logged,1777,1,1.1646000361007935,-97.02291218030304,-0.05560403870134678,94.14367706109526,-52.94686546099226,-141.08800454623264,53,,0.44,1.061,1481.32,311.931,108.983,244.419
logged,1778,1,1.1855071338781045,-97.38502522923822,0.07051904821531707,94.16458415887257,-53.30897850992744,-140.96188145931598,53,,0.44,1.06,1480.98,310.934,108.939,244.235
logged,1779,1,1.0876715522914822,-98.11732146907951,0.08376352215316274,94.06674857728595,-54.04127474976873,-140.94863698537813,53,,0.448,1.05,1480.27,308.288,109.119,244.037
logged,1780,1,0.9446434327751376,-98.36004250607277,-0.1298306145372976,93.9237204577696,-54.28399578676199,-141.1622311220686,53,,0.455,1.023,1479.922,306.925,109.386,243.998
logged,1781,1,0.8964849865030402,-99.21808341641933,-0.0629908043613625,93.87556201149751,-55.14203669710855,-141.09539131189266,53,,0.468,1.079,1478.955,304.062,109.148,243.659
logged,1782,1,0.7213752015561283,-100.28511360768681,-0.17595599430725883,93.7004522265506,-56.20906688837603,-141.20835650183855,53,,0.49,1.127,1477.685,300.008,109.061,243.33
logged,1783,1,0.5673692899329126,-100.62644097440257,-0.5476585742229645,93.54644631492738,-56.55039425509179,-141.58005908175426,53,,0.48,1.126,1477.245,298.233,109.12,243.557
logged,1784,1,0.29140022411498023,-99.90074372306688,-1.2103670879116635,93.27047724910945,-55.8246970037561,-142.24276759544296,55,,0.42,0.947,1475.29,294.806,112.14,243.46
logged,1785,1,0.3428903368695728,-100.09152397026935,-1.1376645049734861,93.32196736186404,-56.01547725095857,-142.17006501250478,55,,0.432,0.961,1475.113,294.274,111.904,243.284
logged,1786,1,0.3507240348334051,-100.63747246665622,-1.126008070307762,93.32980105982787,-56.56142574734544,-142.15840857783905,55,,0.428,0.965,1474.72,292.351,111.686,243.034
logged,1787,1,0.23760165467135153,-100.73969644892631,-1.300921147449884,93.21667867966582,-56.66364972961553,-142.33332165498118,55,,0.448,1.15,1474.599,291.439,112.626,243.124
logged,1788,1,0.21496967753832052,-101.03296798918669,-1.3229574194658085,93.19404670253279,-56.956921269875906,-142.3553579269971,55,,0.452,1.134,1474.388,290.597,112.612,243.183
logged,1789,1,0.23755512128869327,-101.07259651053984,-1.3236488136819275,93.21663214628316,-56.99654979122906,-142.35604932121322,55,,0.459,1.127,1474.303,290.461,112.419,243.114
logged,1790,1,0.1902408831365392,-101.01685879878772,-1.4124782590068037,93.169317908131,-56.94081207947694,-142.4448787665381,55,,0.463,1.125,1474.205,290.437,112.262,243.759
logged,1791,1,0.17609430031797046,-100.9982746936324,-1.4456973082125444,93.15517132531244,-56.922227974321615,-142.47809781574384,55,,0.469,1.121,1474.196,290.402,112.266,243.754
logged,1792,1,0.17306434507489143,-100.97630729934149,-1.458668544055513,93.15214137006936,-56.900260580030704,-142.4910690515868,55,,0.453,1.113,1474.184,290.413,112.273,243.753
logged,1793,1,0.15495409023463935,-100.95881604900121,-1.4921957692785384,93.1340311152291,-56.88276932969043,-142.52459627680983,55,,0.457,1.136,1474.155,290.405,112.315,243.811
logged,1794,1,0.20413052719989366,-100.99234816747516,-1.4249404715091032,93.18320755219436,-56.916301448164376,-142.4573409790404,55,,0.461,1.144,1474.189,290.442,112.293,243.808
logged,1795,1,0.3144686713304736,-101.13548289605784,-1.2105134596300218,93.29354569632494,-57.059436176747056,-142.24291396716131,55,,0.458,1.155,1474.264,290.537,112.236,243.212
logged,1796,1,0.3423248982832945,-101.14488166845018,-1.172033676659396,93.32140192327776,-57.0688349491394,-142.2044341841907,55,,0.456,1.143,1474.326,290.567,112.244,243.177
logged,1797,1,0.31917838261099973,-101.15195113991903,-1.2061988838939897,93.29825540760547,-57.07590442060825,-142.23859939142528,55,,0.453,1.147,1474.297,290.485,112.314,243.206
logged,1798,1,0.3772075720497412,-101.05527658776346,-1.2213198672814087,93.35628459704421,-56.97922986845268,-142.2537203748127,55,,0.446,1.148,1474.61,290.795,112.23,243.254
logged,1799,1,0.3979692866549982,-101.07297713487732,-1.2179078534302334,93.37704631164947,-56.99693041556654,-142.25030836096153,55,,0.451,1.135,1474.649,290.77,112.175,243.252
logged,1800,1,0.40200187086118433,-101.17675298064829,-1.1418860664272756,93.38107889585565,-57.10070626133751,-142.17428657395857,55,,0.437,1.134,1474.526,290.656,112.127,243.222
logged,1801,1,0.4054025776675303,-101.12496217538204,-1.1875713778860586,93.384479602662,-57.048915456071256,-142.21997188541735,55,,0.438,1.129,1474.642,290.734,112.101,243.246
logged,1802,1,0.2908495397132782,-100.98969556643854,-1.362069360683563,93.26992656470775,-56.91364884712776,-142.39446986821486,55,,0.439,1.162,1474.508,290.668,112.4,243.231
logged,1803,1,0.2568672146433073,-100.9815215380414,-1.414760791131016,93.23594423963777,-56.905474818730625,-142.4471612986623,55,,0.433,1.116,1474.473,290.632,112.406,243.229
logged,1804,1,0.26090433600167273,-100.95700054149802,-1.4141108837089291,93.23998136099614,-56.88095382218724,-142.44651139124022,55,,0.425,0.941,1474.549,290.679,112.417,243.222
logged,1805,1,0.24700533643699885,-100.94000830992492,-1.4318895753725087,93.22608236143147,-56.86396159061414,-142.4642900829038,55,,0.424,0.947,1474.529,290.703,112.393,243.214
logged,1806,1,0.27716678228192393,-100.94522264425215,-1.4378977283388963,93.25624380727639,-56.86917592494137,-142.4702982358702,55,,0.432,0.926,1474.627,290.714,112.466,243.265
logged,1807,1,0.2979576105439463,-101.02397393101533,-1.383851671190115,93.27703463553841,-56.94792721170455,-142.4162521787214,55,,0.422,0.935,1474.559,290.531,112.489,243.213
logged,1808,1,0.391789995466155,-101.00580996587638,-1.3441710221249537,93.37086702046062,-56.9297632465656,-142.37657152965625,54,,0.397,0.925,1475.782,292.3,112.513,243.312
logged,1809,1,0.3703281215244658,-101.00461799831773,-1.3773819718290383,93.34940514651893,-56.928571279006945,-142.40978247936033,54,,0.423,0.9,1475.673,292.126,112.503,243.321
logged,1810,1,0.38291824977318356,-101.04828870332504,-1.3065698387243003,93.36199527476765,-56.97224198401426,-142.3389703462556,54,,0.425,0.927,1475.683,292.204,112.456,243.248
logged,1811,1,0.386120876405613,-101.05907423196304,-1.325737925604642,93.36519790140008,-56.98302751265226,-142.35813843313593,54,,0.419,0.917,1475.739,292.153,112.494,243.275
logged,1812,1,0.35525556584209994,-101.10461043934276,-1.2961949666924113,93.33433259083657,-57.02856372003198,-142.3285954742237,54,,0.421,0.918,1475.552,292.053,112.437,243.294
logged,1813,1,0.3757822604773082,-101.09266077504395,-1.2975589060233688,93.35485928547178,-57.01661405573317,-142.32995941355466,54,,0.419,0.911,1475.638,292.08,112.428,243.291
logged,1814,1,0.3448909103713902,-101.05933468954905,-1.3429141318989082,93.32396793536586,-56.983287970238266,-142.3753146394302,54,,0.408,0.886,1475.617,292.12,112.439,243.351
logged,1815,1,0.34191178757794205,-101.04279986114643,-1.3697231653965218,93.32098881257241,-56.96675314183565,-142.40212367292781,54,,0.41,1.009,1475.649,292.016,112.437,243.303
logged,1816,1,0.3987680521668011,-101.04667957266257,-1.3149480522925217,93.37784507716127,-56.97063285335179,-142.3473485598238,54,,0.42,1.007,1475.774,292.134,112.408,243.248
logged,1817,1,0.34832415399981187,-101.02963045437085,-1.3755924312834225,93.32740117899428,-56.953583735060064,-142.40799293881471,54,,0.417,1.003,1475.704,292.069,112.458,243.335
logged,1818,1,0.4039503799021418,-101.06931744755943,-1.291588469689259,93.38302740489661,-56.993270728248646,-142.32398897722055,54,,0.418,1.014,1475.735,292.12,112.429,243.241
logged,1819,1,0.4015221417593011,-101.05863664361176,-1.291743668119807,93.38059916675377,-56.98258992430098,-142.3241441756511,54,,0.422,0.999,1475.749,292.217,112.422,243.292
logged,1820,1,0.4173148966404625,-101.11309287725709,-1.2400996218954106,93.39639192163493,-57.03704615794631,-142.2725001294267,54,,0.417,0.905,1475.678,292.112,112.411,243.224
logged,1821,1,0.36674678352125056,-101.08816451105999,-1.2849041137942265,93.34582380851572,-57.012117791749205,-142.31730462132552,54,,0.436,1.044,1475.591,292.129,112.4,243.281
logged,1822,1,0.35440423852641345,-101.04608567963496,-1.3402758893567466,93.33348126352088,-56.970038960324175,-142.37267639688804,54,,0.431,1.031,1475.644,292.145,112.399,243.321
logged,1823,1,0.3210227170720543,-101.06090644309793,-1.3353749715075764,93.30009974206652,-56.98485972378715,-142.36777547903887,54,,0.429,1.064,1475.541,292.113,112.412,243.226
iterative,1597,1,0.0,0.0,0.0,94.45481697767113,44.165814159476945,-135.06576675343362,54,54,0.24191690040764968,0.5102091535874348,1553.1940533673321,688.8527165165654,132.8521728515625,279.10699462890625
iterative,1598,1,0.03437584592869314,-0.013832542704776074,0.04873669800394964,94.48919282359982,44.15198161677217,-135.01703005542967,54,54,0.23935421891335545,0.5191446618583279,1553.201151529948,688.8942362467448,132.7706298828125,279.0596923828125
iterative,1599,1,0.006274407364429635,-0.00965582701141443,-0.00471526165438263,94.46109138503556,44.15615833246553,-135.070482015088,54,54,0.24652815524909327,0.5127138799250859,1553.1856938114872,688.8527266890915,132.821533203125,279.121826171875
iterative,1600,1,0.048903175528508314,-0.023574276684378503,0.08761197995573866,94.50372015319964,44.142239882792566,-134.97815477347788,54,54,0.24292635396494816,0.5369770980513495,1553.1830421730324,688.8292247630932,132.7464599609375,279.097900390625
iterative,1601,1,0.03915663740875175,-0.029109716882395276,0.050349516124754246,94.49397361507988,44.13670444259455,-135.01541723730887,54,54,0.24516845501278364,0.62866156104296,1553.2310723198784,688.8433747468172,132.7509765625,279.11956787109375
iterative,1602,1,0.029947781290530884,0.002199748647569777,0.03042258399116804,94.48476475896166,44.168013908124514,-135.03534416944245,54,54,0.24908824969343288,0.5247932272873842,1553.2625189887153,688.8644816080729,132.7879638671875,279.13592529296875
iterative,1603,1,0.04086506877519014,-0.005218769614266705,0.006433941941935473,94.49568204644632,44.16059538986268,-135.05933281149169,53,53,0.23826366878929064,0.479785075731667,1552.5928264114093,690.8759051628832,132.747314453125,279.15130615234375
iterative,1604,1,0.0584375017293155,-0.008764594672058479,0.035427048190229016,94.51325447940044,44.157049564804886,-135.0303397052434,53,53,0.2368883300214447,0.45148607565944554,1552.5897953825177,690.9248737839033,132.77978515625,279.0833740234375
iterative,1605,1,0.009164930796558224,-0.011441335077783776,-0.05700576030261573,94.46398190846769,44.15437282439916,-135.12277251373624,53,53,0.2408342729446066,0.5227053596272739,1552.5805479805424,690.886656563237,132.8214111328125,279.1302490234375
iterative,1606,1,0.07849569944161772,-0.011695474111654391,0.07770812103822777,94.53331267711275,44.15411868536529,-134.9880586323954,53,53,0.23832181159734278,0.4798266570044242,1552.5768144715507,690.9448783442659,132.8406982421875,279.06005859375
iterative,1607,1,0.027581432679795626,0.009433928200941466,0.005878271681694969,94.48239841035092,44.175248087677886,-135.05988848175193,53,53,0.21931975093906833,0.43274851357992145,1552.545732606132,690.9721898492777,132.853759765625,279.11346435546875
iterative,1608,1,0.06379924710856244,-0.011694027697579656,0.09160748821958009,94.51861622477969,44.154120131779365,-134.97415926521404,53,53,0.23032870349928705,0.41900991140873106,1552.5591695533608,690.9436783700619,132.875,279.07403564453125
iterative,1609,1,0.043962884750058606,-0.023210270222456586,0.05054493593064535,94.49877986242119,44.14260388925449,-135.01522181750298,53,53,0.22907751948307511,0.4204440059892821,1552.5309690079598,690.8444835734817,132.8350830078125,279.1156005859375
iterative,1610,1,0.07249663893870206,-0.019773875908043692,0.08860973887544787,94.52731361660983,44.1460402835689,-134.97715701455817,53,53,0.2281658391323617,0.42449028384187365,1552.5795299602005,690.9235275556456,132.740234375,279.06463623046875
iterative,1611,1,0.0565427115343482,-0.0065840400580654546,0.047279266152202126,94.51135968920548,44.15923011941888,-135.01848748728142,53,53,0.22955661991084403,0.44723766936503767,1552.575361143868,690.9362908129422,132.7984619140625,279.138427734375
iterative,1612,1,0.09620690201083448,-0.0210301715819341,0.11930682647860635,94.55102387968196,44.14478398789501,-134.94645992695501,53,53,0.22204845737909004,0.41323031794237897,1552.5918613649765,690.9476928710938,132.798828125,279.14892578125
iterative,1613,1,0.08386388368987241,0.01751573007926055,0.07642601197954946,94.538680861361,44.183329889556205,-134.98934074145407,53,53,0.22158149151456105,0.4080490226492555,1552.657595076651,691.0793503095518,132.7613525390625,279.14337158203125
iterative,1614,1,0.12725932533345485,-0.019204667213301718,0.14985612632682432,94.58207630300458,44.14660949226364,-134.9159106271068,53,53,0.24039813005904243,0.49881513533250155,1552.6037689784787,691.0132860867483,132.5008544921875,279.05352783203125
iterative,1615,1,0.11166341571393446,-0.021530141635139444,0.1473203915202248,94.56648039338506,44.144284017841805,-134.9184463619134,52,52,0.2369539283414104,0.47311387857191317,1551.8687626765325,693.5672454833984,132.572509765625,279.1046142578125
iterative,1616,1,0.15494008236524337,-0.013632956615587943,0.2157473611765397,94.60975706003637,44.15218120286136,-134.85001939225708,52,52,0.23572892349730237,0.4500997304106985,1551.952150785006,693.6661153940054,132.549072265625,279.1063232421875
iterative,1617,1,0.14040168381944795,-0.02625964105043721,0.18893385528508588,94.59521866149058,44.13955451842651,-134.87683289814854,52,52,0.24500822503758826,0.5015293024804935,1551.8971909743088,693.5513141338641,132.547607421875,279.09283447265625
iterative,1618,1,0.11534717853515986,-0.03769888196827509,0.16545750275989235,94.57016415620629,44.12811527750867,-134.90030925067373,52,52,0.24250607231978943,0.4502637210324866,1551.8285146859976,693.5237731933594,132.6231689453125,279.08154296875
iterative,1619,1,0.048240961414322214,0.011136409884251464,0.038062654298983034,94.50305793908545,44.176950569361196,-135.02770409913464,52,52,0.23805196348495172,0.4108442263814875,1551.8561683067908,693.6522369384766,132.67919921875,279.1708984375
iterative,1620,1,0.05549962606538372,-0.008804911349436395,0.05795806865796749,94.51031660373651,44.15700924812751,-135.00780868477565,52,52,0.23004171444770374,0.4357875104449789,1551.8400667630708,693.5662959172175,132.6864013671875,279.24493408203125
iterative,1621,1,0.056775200416211646,0.010246677211469546,0.05421394370273447,94.51159217808734,44.176060836688414,-135.0115528097309,52,52,0.23343546304735885,0.45535663922268255,1551.8779813326323,693.7200293907753,132.649658203125,279.17041015625
iterative,1622,1,0.0864855266393505,-0.008677348837338172,0.13856632024680948,94.54130250431048,44.15713681063961,-134.9272004331868,52,52,0.24909943280852914,0.4831587050966994,1551.827664888822,693.578380878155,132.2672119140625,279.17132568359375
iterative,1623,1,0.08221055126097099,0.004061068698817394,0.13705528713404647,94.5370275289321,44.16987522817576,-134.92871146629957,52,52,0.24675784074103246,0.4748892793912665,1551.8246037409856,693.6777918888972,132.2286376953125,279.21246337890625
iterative,1624,1,0.08443319252586434,-0.006579480310016095,0.11878365397481616,94.539250170197,44.15923467916693,-134.9469830994588,52,52,0.23801694082066213,0.43992143410444834,1551.8233736478364,693.6327162522537,132.272705078125,279.1759033203125
iterative,1625,1,0.05388658657530243,-0.011591071931164265,0.08595610618786509,94.50870356424643,44.15422308754578,-134.97981064724576,52,52,0.24728067077558688,0.5095765071356637,1551.77396099384,693.663813664363,132.17724609375,279.172607421875
iterative,1626,1,0.023436094001880292,-0.010102754684744752,0.04013683256093259,94.47825307167301,44.1557114047922,-135.0256299208727,52,52,0.24990876770647524,0.5254336721527035,1551.7441781850962,693.5754171518179,132.55908203125,279.19403076171875
iterative,1627,1,0.06071686437255153,-0.03841833320927179,0.0953448641892578,94.51553384204368,44.12739582626767,-134.97042188924436,52,52,0.2490437339218858,0.5145561363889395,1551.7638009878306,693.560044508714,132.4986572265625,279.1097412109375
iterative,1628,1,-0.03360650989375813,0.005511988472612472,-0.04660934848649845,94.42121046777737,44.17132614794956,-135.11237610192012,52,52,0.23484882318752753,0.4939947458093503,1551.6990778996394,693.5983957143931,132.5791015625,279.24755859375
iterative,1629,1,0.06573245099934866,-0.005080366628682498,0.12941983380068223,94.52054942867048,44.16073379284826,-134.93634691963294,52,52,0.23402428845649964,0.44973093322768126,1551.769503079928,693.66405076247,132.5238037109375,279.0997314453125
iterative,1630,1,0.005707379194248574,0.031092549328057828,0.02994932599389699,94.46052435686538,44.196906708805,-135.03581742743972,52,52,0.23504040815503352,0.4281024158883414,1551.7799001840444,693.7103435809796,132.601318359375,279.15289306640625
iterative,1631,1,-0.005005228551169694,-0.004613442244874477,0.052643152033482465,94.44981174911996,44.16120071723207,-135.01312360140014,52,52,0.24296403341307624,0.44798888082662236,1551.6172367976262,693.5670189490685,132.6195068359375,279.19403076171875
iterative,1632,1,0.013375336645196967,0.002578758089242683,0.05296141660841158,94.46819231431633,44.16839291756619,-135.0128053368252,52,52,0.22347581460012586,0.4398427261446332,1551.7047776442307,693.595933180589,132.6356201171875,279.18048095703125
iterative,1633,1,-0.010595238234429871,0.012860266669875386,-0.010534302101945059,94.4442217394367,44.17867442614682,-135.07630105553557,52,52,0.22621102234282084,0.45147418391151606,1551.739255464994,693.6438833383413,132.660888671875,279.19036865234375
iterative,1634,1,-0.07416664628584613,0.03958527987049365,-0.10565528511475009,94.38065033138528,44.20539943934744,-135.17142203854837,54,54,0.22572908244738701,0.4289116409655579,1553.1320778175636,689.0299886067709,132.671142578125,279.23223876953125
iterative,1635,1,0.019238867277891814,-0.0005665994076977654,0.06570662053027831,94.47405584494902,44.16524756006925,-135.00006013290334,54,54,0.24564235683969193,0.5222050091066125,1553.1667344835068,688.9989115397135,132.7276611328125,279.1533203125
iterative,1636,1,0.05000375142988389,0.007304222364567181,0.13195552087898932,94.50482072910101,44.17311838184151,-134.93381123255463,54,54,0.23760929601717262,0.4648536415480234,1553.126134801794,689.0515735767506,132.7034912109375,279.10992431640625
iterative,1637,1,0.06332837854203888,-0.03156921893793907,0.15055937395271712,94.51814535621317,44.134244940539006,-134.9152073794809,54,54,0.2577402250881091,0.5053715871975091,1553.098897298177,688.7984438295717,132.74609375,279.1611328125
iterative,1638,1,0.045958308639768575,-0.03178051820876959,0.1364475227447315,94.5007752863109,44.134033641268175,-134.9293192306889,54,54,0.2502285297114746,0.4980853587387082,1553.0496554904514,688.8060777452257,132.7501220703125,279.11004638671875
iterative,1639,1,0.025606050037879413,-0.025934913286299377,0.09734332222012654,94.48042302770901,44.139879246190645,-134.9684234312135,54,54,0.24642388251678035,0.47850430772239755,1553.044236924913,688.8588788067854,132.505126953125,279.25433349609375
iterative,1640,1,0.03200013169507088,0.009596082239227144,0.08828716370283018,94.4868171093662,44.17541024171617,-134.9774795897308,54,54,0.23566562907772923,0.4527654291992528,1553.1512428566261,689.0387200249565,132.5560302734375,279.1392822265625
iterative,1641,1,0.00013975598064064343,-0.009866349035256405,0.026760588888038228,94.45495673365177,44.15594781044169,-135.03900616454558,54,54,0.2382413794902942,0.47143147836059873,1553.1077180085358,688.8872511121962,132.553466796875,279.2244873046875
iterative,1642,1,0.0685001456275387,-0.04254963940555001,0.18156829410918363,94.52331712329867,44.123264520071395,-134.88419845932444,54,54,0.23687923807115624,0.47215929462538686,1553.0665803132233,688.8719132034867,132.3660888671875,279.07275390625
iterative,1643,1,0.040714452079541275,-0.0185513848077008,0.14010589958635933,94.49553142975067,44.147262774669244,-134.92566085384726,54,54,0.23310287157889242,0.47037215466599563,1553.0735970956307,688.9201592339409,132.451904296875,279.1805419921875
iterative,1644,1,0.056280471074870775,-0.053009271723851725,0.17728505450256193,94.511097448746,44.11280488775309,-134.88848169893106,54,54,0.24562505436450566,0.49264892649631564,1553.0236047815395,688.7815348307291,132.42236328125,279.08203125
iterative,1645,1,0.014807317949532717,-0.060537826489884594,0.13265705575676634,94.46962429562066,44.10527633298706,-134.93310969767685,54,54,0.2460199194247257,0.4803130969308282,1552.9391253436054,688.7008113154659,132.410888671875,279.1383056640625
iterative,1646,1,0.03133846359855852,-0.09248911707084062,0.1568635608403497,94.48615544126969,44.073325042406104,-134.90890319259327,54,54,0.23396346782970703,0.42721876802704534,1552.9262921368634,688.5813304759838,132.70947265625,279.1114501953125
iterative,1647,1,0.01386865662139769,-0.07393261418699382,0.08041935850889104,94.46868563429253,44.09188154528995,-134.98534739492473,54,54,0.21908128674573496,0.40274756741243106,1552.8919926396122,688.6326067889178,132.589111328125,279.12969970703125
iterative,1648,1,0.045891033642774914,-0.14485104155466644,0.19825490906956134,94.5007080113139,44.02096311792228,-134.86751184436406,54,54,0.2160647669639213,0.3980771030723583,1552.7865103262443,688.4167322229456,132.5185546875,278.989990234375
iterative,1649,1,0.009102579905004404,-0.184897067210386,0.1030056849274672,94.46391955757613,43.98091709226656,-134.96276106850615,54,54,0.2124217565187006,0.4465724827182444,1552.6658619068287,688.183428729022,132.364501953125,279.01422119140625
iterative,1650,1,0.008930391300538076,-0.18314697360111865,0.10332219508225648,94.46374736897167,43.982667185875826,-134.96244455835136,52,52,0.22146460674147522,0.44383157980031485,1551.2101510854868,692.8526846078726,132.3231201171875,279.031982421875
iterative,1651,1,-0.015011964200567718,-0.21778558572087547,0.09623751761009203,94.43980501347056,43.94802857375607,-134.96952923582353,52,52,0.22846983894125814,0.47839219593406057,1551.092538686899,692.6757225623497,132.3480224609375,279.014404296875
iterative,1652,1,0.003649283312384455,-0.2219546175068885,0.11851443906678583,94.45846626098351,43.943859541970056,-134.94725231436684,52,52,0.23628550755282188,0.4701998343386236,1551.097160926232,692.6882641132062,132.27099609375,278.977294921875
iterative,1653,1,0.1102768521656543,-0.36042314895878036,0.24597146479530352,94.56509382983678,43.805391010518164,-134.81979528863832,54,54,0.23454782380386555,0.493466795173738,1552.3519671404804,687.6454377350984,131.7620849609375,278.68341064453125
iterative,1654,1,0.10365504350004073,-0.5028295312567295,0.22716170102503952,94.55847202117117,43.662984628220215,-134.83860505240858,54,54,0.23401584492861177,0.4369020980908463,1552.1574390552662,687.023440890842,131.2332763671875,278.53570556640625
iterative,1655,1,0.29340801407596473,-1.0157575972014001,0.4781768350188145,94.7482249917471,43.150056562275545,-134.5875899184148,54,54,0.24251210639261223,0.43990032288220193,1551.9593641493057,685.0245350025318,130.917724609375,278.027099609375
iterative,1656,1,0.3122126197349928,-1.4017683707964963,0.4948625787461083,94.76702959740612,42.76404578868045,-134.5709041746875,54,54,0.24850475966299054,0.4356151361803343,1551.8442880135995,683.332437020761,131.1142578125,277.833984375
iterative,1657,1,0.3213948530388109,-2.0360885331312844,0.40792477172840336,94.77621183070994,42.12972562634566,-134.65784198170522,54,54,0.2499506738560466,0.4350981274721623,1551.6522827148438,680.3523356119791,131.3719482421875,277.76519775390625
iterative,1658,1,0.3600708405452906,-2.3136119422642665,0.41244869819720975,94.81488781821642,41.85220221721268,-134.6533180552364,54,54,0.2554466070146073,0.513310332391026,1551.418635615596,679.1164505570023,131.1025390625,277.67926025390625
iterative,1659,1,0.3286950614101727,-2.7986264014332676,0.3226118427852782,94.7835120390813,41.36718775804368,-134.74315491064834,54,54,0.250908139497019,0.5045634636418239,1550.9912493670429,676.8845678258825,130.9501953125,277.53338623046875
iterative,1660,1,0.3783967063832705,-3.029824090700572,0.35435151285469146,94.8332136840544,41.13599006877637,-134.71141524057893,54,54,0.24235447607039506,0.48938193608442426,1550.7746039496528,675.9879670319734,131.0841064453125,277.31622314453125
iterative,1661,1,0.5087984293610788,-3.951669633638943,0.6643634748552643,94.96361540703221,40.214144525838,-134.40140327857836,54,54,0.252305795157998,0.5016391951680965,1549.9560117368344,672.2349842212818,130.7840576171875,276.59613037109375
iterative,1662,1,0.5096773810115849,-4.491484497244336,0.6822381639394166,94.96449435868271,39.67432966223261,-134.3835285894942,54,54,0.2528882664714817,0.5175082227322351,1549.5177973994503,669.8616751211661,130.8280029296875,276.3128662109375
iterative,1663,1,0.5002771885410198,-5.47037811080947,0.506630903752324,94.95509416621215,38.695436048667474,-134.5591358496813,55,55,0.25458447335956336,0.4797273301934165,1549.9065407492897,668.027724387429,133.7491455078125,276.02130126953125
iterative,1664,1,0.33530938921308007,-5.717729516873064,0.14071577595345275,94.79012636688421,38.44808464260388,-134.92505097748017,55,55,0.2493494973474735,0.5005151283844561,1549.614200106534,666.5322076970881,133.3231201171875,276.37481689453125
iterative,1665,1,0.36172488887500265,-5.722330243341034,0.1729589741466384,94.81654186654613,38.44348391613591,-134.89280777928698,55,55,0.247833928777421,0.5039136740627344,1549.6639959161932,666.5655872691761,133.29345703125,276.3155517578125
iterative,1666,1,0.35176449684090016,-5.735647035507654,0.1880066480918572,94.80658147451203,38.43016712396929,-134.87776010534176,55,55,0.2514102760404276,0.561612491310247,1549.5709428267046,666.5062710848722,133.3895263671875,276.35968017578125
iterative,1667,1,0.32563811554112476,-5.708362018409353,0.13749132525146024,94.78045509321225,38.45745214106759,-134.92827542818216,55,55,0.25192436961578074,0.536200750109241,1549.615567294034,666.5586747602983,133.407470703125,276.373291015625
iterative,1668,1,0.30147500018193796,-5.698865197441329,0.08768378130608312,94.75629197785307,38.466948962035616,-134.97808297212754,55,55,0.26285190475939657,0.5164176117477928,1549.6275701349432,666.5412841796875,133.355712890625,276.3349609375
iterative,1669,1,0.33443476060449484,-5.716531791569302,0.15262398190310478,94.78925173827562,38.44928236790764,-134.91314277153052,55,55,0.26845899930787953,0.5269396103468055,1549.6155206853693,666.4890414151279,133.396728515625,276.3289794921875
iterative,1670,1,0.3374843358943167,-5.703903505559545,0.12241524145920835,94.79230131356545,38.4619106539174,-134.9433515119744,55,55,0.257519648179184,0.46936537704594405,1549.6614923650568,666.5682017933239,133.363525390625,276.3387451171875
iterative,1671,1,0.32542479932401136,-5.717116474767344,0.12184057492228817,94.78024177699514,38.4486976847096,-134.94392617851133,55,55,0.26477886581871796,0.5391143746144966,1549.633378462358,666.4855169122869,133.35791015625,276.3809814453125
iterative,1672,1,0.3510650428394513,-5.744037119330592,0.17630537013212688,94.80588202051058,38.42177704014635,-134.8894613833015,55,55,0.25683450712249106,0.4769066652489824,1549.607060102983,666.4645463423295,133.3056640625,276.323974609375
iterative,1673,1,0.37556739816899665,-5.775852214065857,0.22220502066420522,94.83038437584013,38.38996194541109,-134.84356173276942,55,55,0.2583928496495344,0.45240608686455525,1549.577501331676,666.3907093394886,133.262451171875,276.19683837890625
iterative,1674,1,0.570448792494048,-6.370184014204199,0.6047651615959069,95.02526577016518,37.795630145272746,-134.46100159183771,55,55,0.26437776436123706,0.489753700496562,1549.18740234375,664.1863214666193,133.139892578125,275.673583984375
iterative,1675,1,0.5949433741826908,-6.7804345213712764,0.638572300466933,95.04976035185382,37.38537963810567,-134.4271944529667,55,55,0.27185929527995717,0.5433593181063503,1548.783660333807,662.4455211292614,133.088134765625,275.36505126953125
iterative,1676,1,0.5634536197051574,-7.18747444110555,0.5254825640898275,95.01827059737629,36.978339718371394,-134.5402841893438,55,55,0.26832039193244206,0.5120842811569855,1548.3515092329546,660.6640014648438,132.793212890625,275.18841552734375
iterative,1677,1,0.5260690051648425,-7.846242591485783,0.5379989811136454,94.98088598283597,36.31957156799116,-134.52776777231998,55,55,0.26709343487750314,0.5120029376277143,1547.734998668324,657.7432539506392,132.8773193359375,274.97772216796875
iterative,1678,1,0.5300699001914069,-8.186974408229439,0.5669849132089837,94.98488687786254,35.978839751247506,-134.49878184022464,55,55,0.2733165319038333,0.5356318394327079,1547.4221590909092,656.1928744229403,132.6304931640625,274.8526611328125
iterative,1679,1,0.6523071100429831,-8.990534711778174,0.7143182302444302,95.10712408771411,35.17527944769877,-134.3514485231892,55,55,0.2802795850781373,0.5454394825165596,1546.830351118608,652.9888916015625,132.073974609375,274.29412841796875
iterative,1680,1,0.6535259984846675,-10.088394048679653,0.7992108813915024,95.1083429761558,34.07742011079729,-134.26655587204212,55,55,0.2789705606326913,0.5679829391660114,1546.0091796875,648.2208174272017,132.4071044921875,273.89910888671875
iterative,1681,1,0.6148110844897303,-10.602515805675715,0.7375732257526408,95.06962806216086,33.56329835380123,-134.32819352768098,55,55,0.2789511738590568,0.5605912562950867,1545.6127796519886,645.9059348366477,132.474609375,273.7586975097656
iterative,1682,1,0.5972300189483946,-11.706590685677483,0.7176681945209964,95.05204699661952,32.45922347379946,-134.34809855891262,55,55,0.2727305813605465,0.5197387076486292,1544.6707341974432,641.0378933993253,132.326904296875,273.2906494140625
iterative,1683,1,0.545419191842285,-12.143138216621857,0.616645732359558,95.00023616951341,32.02267594285509,-134.44912102107406,55,55,0.2705674367577195,0.532529069604966,1544.302490234375,639.019853071733,132.4237060546875,273.274658203125
iterative,1684,1,0.5494771147641586,-12.840298912327434,0.5347594613565434,95.00429409243529,31.32551524714951,-134.53100729207708,51,51,0.257362829178044,0.5187701026464522,1548.0732756969976,638.8671671549479,127.23095703125,272.9877014160156
iterative,1685,1,0.5272054578229728,-13.423519749982791,0.38989956444856944,94.9820224354941,30.742294409494153,-134.67586718898505,53,53,0.26455932003851507,0.5023026163536618,1545.5845993329895,637.8358920115345,126.775146484375,272.7500305175781
iterative,1686,1,0.5173709215362265,-13.635885538922935,0.3540696384167745,94.97218789920736,30.52992862055401,-134.71169711501685,53,53,0.259286768936855,0.48992328995137324,1545.3389224646226,636.8051124428803,126.253173828125,272.7068786621094
iterative,1687,1,0.7590388040973437,-14.217247577704377,0.8114722307289242,95.21385578176847,29.948566581772567,-134.2542945227047,55,55,0.3199530356208556,0.5603664459443793,1542.5513405539773,630.176631858132,131.02294921875,272.1993408203125
iterative,1688,1,0.6971636937010715,-15.130958039534793,0.7140696924889767,95.1519806713722,29.03485611994215,-134.35169706094464,55,55,0.26576656801171616,0.4916257296008503,1541.8069868607954,626.3536460182884,131.1063232421875,271.7087097167969
iterative,1689,1,0.7261438268318727,-15.655684271412731,0.7406021070283657,95.180960804503,28.510129888064213,-134.32516464640526,55,55,0.2686244783156433,0.5052589695590933,1541.4198686079546,624.1394864169034,130.962646484375,271.517822265625
iterative,1690,1,0.7575887876344325,-17.04989662843208,0.9584018916388857,95.21240576530556,27.115917531044865,-134.10736486179474,55,55,0.27387805746010824,0.5120980465764199,1540.2988680752842,618.3118774414063,131.265869140625,270.8345642089844
iterative,1691,1,0.7596959051603847,-18.471204019793234,0.8362455623398262,95.21451288283151,25.69461013968371,-134.2295211910938,55,55,0.2694076626170238,0.5194274925993734,1539.2715354225852,612.1443403764205,130.871337890625,270.36785888671875
iterative,1692,1,0.7422280100120702,-19.090297317004,0.8153421549938571,95.1970449876832,25.075516842472943,-134.25042459843976,55,55,0.27055812292804293,0.47763023080411304,1538.6844682173296,609.4719404740767,130.697998046875,270.0317687988281
iterative,1693,1,0.7971089643941269,-20.496250052970275,0.8615662223904792,95.25192594206526,23.66956410650667,-134.20420053104314,52,52,0.27056063056243435,0.4928018166196243,1539.2605778620793,609.912588266226,125.2274169921875,269.3614807128906
iterative,1694,1,0.7898903717410519,-21.75517894316644,0.6917498725197504,95.24470734941218,22.410635216310503,-134.37401688091387,52,52,0.2698434274202958,0.4843378923595751,1538.1315166766826,604.4869255652794,124.4981689453125,268.8689880371094
iterative,1695,1,0.7122005032628778,-22.280881433779477,0.5771660754114976,95.167017480934,21.884932725697468,-134.48860067802212,53,53,0.26085200004767767,0.45402804748764203,1536.3620121793927,600.039515657245,127.0244140625,268.6086120605469
iterative,1696,1,0.7206751205137607,-23.686687620956096,0.6605728585765007,95.17549209818489,20.47912653852085,-134.40519389485712,52,52,0.28019208735845136,0.4711521997490928,1534.586221548227,596.641478905311,127.089111328125,267.9580383300781
iterative,1697,1,0.7650356787579256,-25.086050624634776,0.5617740816461492,95.21985265642905,19.07976353484217,-134.50399267178747,52,52,0.260805608698937,0.47075807024126737,1533.5329167292668,590.7441001305214,126.4798583984375,267.4428405761719
iterative,1698,1,0.7199347367666462,-25.609796462026786,0.41465623014980224,95.17475171443778,18.55601769745016,-134.65111052328382,52,52,0.2631888091337919,0.477397929095548,1533.1196969839243,588.4080329308143,126.2855224609375,267.41656494140625
iterative,1699,1,0.6874309390005919,-26.57461240530828,0.3859349733174895,95.14224791667172,17.591201754168665,-134.67983178011613,52,52,0.26186964285466185,0.46461895531622494,1532.3206787109375,584.3296878521259,126.2220458984375,267.0631103515625
iterative,1700,1,0.7883214683744484,-27.801597914259595,0.5297510966900347,95.24313844604558,16.36421624521735,-134.5360156567436,53,53,0.2787970815235221,0.5257553109405572,1530.2022659013855,576.8593703935732,127.9273681640625,266.4903259277344
iterative,1701,1,0.7768050243337683,-28.366572440362408,0.4621521653822356,95.2316220020049,15.799241719114537,-134.60361458805139,53,53,0.2887589225896361,0.5304001584529575,1529.7530840028007,574.4165349996315,127.71435546875,266.24530029296875
iterative,1702,1,0.8056583154846351,-29.562093260662458,0.5569789101775484,95.26047529315576,14.603720898814489,-134.50878784325607,53,53,0.2938388098492417,0.522674540162829,1528.7251575397995,569.5591194584684,127.4373779296875,265.61553955078125
iterative,1703,1,0.8094125171512303,-31.148847191771353,0.5907797006168494,95.26422949482236,13.016966967705592,-134.47498705281677,53,53,0.3081405568663343,0.5585793877623348,1527.369119896079,563.0209949421433,127.1240234375,264.9041748046875
iterative,1704,1,0.7149591667503898,-32.3088325435887,0.40519931684920607,95.16977614442152,11.856981615888245,-134.66056743658442,52,52,0.29751709577873775,0.5430210471561313,1527.2874356783354,557.5628122182993,127.0574951171875,264.76483154296875
iterative,1705,1,0.7120259683092058,-32.76316952530745,0.3629082733543214,95.16684294598033,11.402644634169494,-134.7028584800793,52,52,0.29545274054057935,0.5532146308267638,1527.1475196251502,557.5911454420823,126.9781494140625,264.6678466796875
iterative,1706,1,0.6545769818446558,-33.45145513476388,0.32885269131574546,95.10939395951578,10.714359024713062,-134.73691406211788,50,50,0.28569756775904087,0.5472965359554794,1529.0344384765624,559.2586834716797,120.2880859375,264.5592956542969
iterative,1707,1,0.7148717524343766,-33.98414039352052,0.48401930054711784,95.1696887301055,10.181673765956425,-134.5817474528865,50,50,0.2791712181484589,0.49675779662545866,1528.740107421875,557.1427813720703,120.3548583984375,264.1567077636719
iterative,1708,1,0.7452055074864035,-35.18341661142752,0.56095754112539,95.20002248515753,8.982397548049427,-134.50480921230823,51,51,0.2855027598484858,0.5707679088581257,1526.6633683746936,550.6461426978018,122.7286376953125,263.7005310058594
iterative,1709,1,0.656095727501679,-36.1765538916501,0.3549680741146517,95.11091270517281,7.989260267826847,-134.71079867931897,53,53,0.2843058908352329,0.5557193264494084,1523.5552817290684,541.830560072413,127.1396484375,263.5701599121094
iterative,1710,1,0.6576859893798428,-36.85489683783917,0.32572033764492403,95.11250296705097,7.310917321637774,-134.7400464157887,53,53,0.2802135103570895,0.5228228367077423,1522.999490989829,539.0922868836601,126.838134765625,263.3592529296875
iterative,1711,1,0.6582637445110606,-37.28223192617636,0.40133307341699265,95.11308072218219,6.8835822333005865,-134.66443368001663,53,53,0.28230104116993965,0.5350456339969426,1524.2359619140625,534.9591196887898,126.96923828125,263.09259033203125
iterative,1712,1,0.7852322295882743,-38.7041728192669,0.6669851070450648,95.2400492072594,5.461641340210043,-134.39878164638856,54,54,0.29442511328546256,0.5320608470888639,1523.9018170392071,527.1532654938875,126.789306640625,262.2418212890625
iterative,1713,1,0.7797987216185334,-40.01063398700793,0.5271644093951409,95.23461569928966,4.1551801724690165,-134.53860234403848,54,54,0.2953540848975091,0.5440143461281337,1522.6791494864005,521.8450142189308,125.773681640625,261.8110656738281
iterative,1714,1,0.8163351012679243,-40.68487299838526,0.5790411649186353,95.27115207893905,3.480941161091682,-134.486725588515,55,55,0.3076250134595389,0.5393411679359206,1521.2322221235795,519.7045082785867,125.4449462890625,261.3538818359375
iterative,1715,1,0.9711549401883133,-42.54797438303123,0.8390833960795021,95.42597191785944,1.6178397764457166,-134.22668335735412,54,54,0.31396140582915105,0.5704314306004702,1520.9121342411747,513.923838297526,124.909423828125,260.3551940917969
iterative,1716,1,1.0331110689295855,-44.439903547816556,0.7307653819848667,95.48792804660071,-0.2740893883396147,-134.33500137144875,54,54,0.3154084012668212,0.5804837837424527,1519.3661408600983,506.35584061234084,123.6331787109375,259.4937438964844
iterative,1717,1,1.0950458647239856,-45.383827953266476,0.7929107331234775,95.54986284239511,-1.218013793789531,-134.27285602031014,52,52,0.32515580018639223,0.6273100868745972,1521.0608990009014,506.7818791316106,117.083984375,259.4931335449219
iterative,1718,1,1.1513818858424827,-47.474503579936,0.7793936108247692,95.60619886351361,-3.308689420459057,-134.28637314260885,52,52,0.34023342410030766,0.608364908280595,1519.3542809119592,498.4128423837515,116.359375,258.42352294921875
iterative,1719,1,1.181565760726187,-48.553742015911254,0.7712299541284153,95.63638273839732,-4.38792785643431,-134.2945367993052,52,52,0.3445607909638184,0.6437874685833443,1518.4972158578726,494.1932349571815,115.913818359375,258.03045654296875
iterative,1720,1,1.192208451398244,-50.51821622874653,0.7132308415010584,95.64702542906937,-6.352402069269587,-134.35253591193256,51,51,0.3288114758348227,0.6307756598979923,1518.0352902879902,485.96103324142155,115.5072021484375,257.39129638671875
iterative,1721,1,1.2033476353887806,-52.158097093547084,0.6034291073174813,95.65816461305991,-7.99228293407014,-134.46233764611614,52,52,0.3390149607995551,0.6315879600370858,1515.7950955904448,479.83731842041016,114.9886474609375,256.84912109375
iterative,1722,1,1.190620935680613,-53.734968497653924,0.5521007075453497,95.64543791335174,-9.569154338176979,-134.51366604588827,52,52,0.3469460384795522,0.6545367949649455,1514.5457552396333,473.53530766413763,114.6629638671875,256.3262634277344
iterative,1723,1,1.1868267633664686,-54.53342746007329,0.5484263999397854,95.6416437410376,-10.367613300596346,-134.51734035349384,52,52,0.3312449243528598,0.6534581558108209,1513.907510610727,470.437253511869,114.4566650390625,255.531494140625
iterative,1724,1,1.151604382791362,-56.061138131164505,0.509055788089654,95.60642136046249,-11.89532397168756,-134.55671096534397,54,54,0.33809009696838654,0.6774989188930681,1510.4554759837963,461.2228828712746,118.049072265625,254.95123291015625
iterative,1725,1,1.1153502662518804,-57.37506052595247,0.37592967797630195,95.57016724392301,-13.209246366475526,-134.68983707545732,55,55,0.33115286404105887,0.6702363602251468,1508.4958385120738,453.7992603648793,119.6688232421875,254.68167114257812
iterative,1726,1,1.2075499097008162,-59.0147344583631,0.4569901512431329,95.66236688737195,-14.848920298886156,-134.6087766021905,55,55,0.35066012057942136,0.7100567437212506,1507.3543279474432,447.53135819868606,119.072509765625,253.77593994140625
iterative,1727,1,1.2131627259141737,-59.747892926792616,0.3703901042684379,95.6679797035853,-15.582078767315672,-134.69537664916518,54,54,0.35282501664907817,0.7326559395741772,1507.6710069444443,443.9779940004702,118.9605712890625,253.616943359375
iterative,1728,1,1.1949837905165452,-60.91971784851565,0.2508943806577122,95.64980076818767,-16.753903689038708,-134.8148723727759,55,55,0.3587895353759175,0.7400946783079242,1505.8912242542613,439.85226162997157,118.4825439453125,253.2470703125
iterative,1729,1,1.0636920869564506,-61.29810098463716,-0.06307949537233526,95.51850906462758,-17.132286825160215,-135.12884624880596,55,55,0.33160880437615353,0.6711094278847993,1505.4929887251421,437.87436467950994,118.2745361328125,253.7664794921875
iterative,1730,1,1.1360294495882215,-62.34035325468233,0.05807612428253606,95.59084642725935,-18.174539095205382,-135.00769062915109,52,52,0.3285417103055627,0.6772869162569117,1508.1344557542068,439.3398595956656,112.5885009765625,253.28753662109375
iterative,1731,1,1.2570706007390982,-63.85358115613327,0.26037781709197816,95.71188757841023,-19.687766996656322,-134.80538893634164,52,52,0.33717898294667353,0.6682920030480736,1507.0113079364482,433.8286936833308,112.11962890625,252.446044921875
iterative,1732,1,1.2265537646828761,-64.63811661951476,0.16261202882000703,95.681370742354,-20.472302460037817,-134.90315472461361,52,52,0.35107904790991473,0.715634637750129,1506.4370891864482,430.7770203810472,111.8880615234375,252.23193359375
iterative,1733,1,1.1997018721668837,-66.13807987351993,0.1950560614286303,95.65451884983801,-21.97226571404299,-134.870710692005,52,52,0.35575597708640366,0.7284604611516248,1505.3655301607573,425.044066795936,111.901611328125,251.839111328125
iterative,1734,1,1.1308650063099464,-67.46851303841697,0.03827911169298659,95.58568198398108,-23.30269887894002,-135.02748764174063,52,52,0.3216144638919975,0.6034470208447011,1504.1537945087139,417.3861958430364,113.9173583984375,251.45947265625
iterative,1735,1,1.103886342701344,-68.17762701414995,0.007952042256818004,95.55870332037247,-24.011812854673003,-135.0578147111768,55,55,0.3246414632160166,0.6164217372691523,1500.5603160511364,411.36425836736504,117.4930419921875,251.20932006835938
iterative,1736,1,1.068144458746005,-69.52772500930428,-0.08481712946567654,95.52296143641713,-25.361910849827325,-135.1505838828993,55,55,0.32582800250150556,0.606920104993361,1499.5277010830966,406.19725563742895,117.08544921875,250.892333984375
iterative,1737,1,0.9985549019420716,-70.18749400258011,-0.2211824764113146,95.4533718796132,-26.021679843103158,-135.28694922984494,55,55,0.32091889576920385,0.5850046648673253,1499.1719193892045,403.4847373268821,117.355712890625,250.93353271484375
iterative,1738,1,0.912815061125201,-70.70220542117981,-0.4288688017134632,95.36763203879633,-26.536391261702867,-135.49463555514708,55,55,0.33306372616942714,0.6581228287601038,1498.7359685724432,401.0129344593395,117.2943115234375,250.79214477539062
iterative,1739,1,0.8679787332012552,-70.93081978532533,-0.481868082671042,95.32279571087238,-26.76500562584839,-135.54763483610466,55,55,0.3479660202834614,0.7169708752425608,1498.5350053267045,400.1217729048295,117.282958984375,250.74951171875
iterative,1740,1,0.8903723347897312,-71.55671462649994,-0.398029405272581,95.34518931246086,-27.390900467022988,-135.4637961587062,55,55,0.35254290996375476,0.6950472492394346,1498.1674826882102,397.85040949041195,117.32861328125,250.45187377929688
iterative,1741,1,0.8685184235831969,-72.26509727586011,-0.5024643117129983,95.32333540125433,-28.099283116383162,-135.56823106514662,55,55,0.36671746957643103,0.8364202429359855,1497.579989346591,395.112431751598,116.95556640625,250.18984985351562
iterative,1742,1,0.9779703726024422,-72.80501475215459,-0.26317048627799977,95.43278735027357,-28.63920059267764,-135.32893723971162,55,55,0.32334571934314577,0.6642992075106049,1497.2771617542614,393.5877879749645,116.8968505859375,249.98004150390625
iterative,1743,1,1.154013379774355,-74.22846316102434,0.021463244872336418,95.60883035744548,-30.062649001547385,-135.04430350856128,55,55,0.33277514230052185,0.6246526760253412,1496.2676513671875,388.85037730823865,116.12548828125,249.06582641601562
iterative,1744,1,1.1514977877626933,-75.81763591087831,0.07921929278759876,95.60631476543382,-31.651821751401364,-134.98654746064602,55,55,0.34595278473072694,0.5954673976780835,1495.0148282137784,383.1385198419744,115.8228759765625,248.6180419921875
iterative,1745,1,1.1341268180870259,-76.46863684189333,-0.003300418239263081,95.58894379575815,-32.302822682416384,-135.06906717167288,55,55,0.3616974593092014,0.6310584092260816,1494.5045521129261,380.6805375532671,115.5284423828125,248.4541015625
iterative,1746,1,1.054744364610201,-77.13544680032112,-0.26845840648670105,95.50956134228133,-32.96963264084418,-135.33422515992032,55,55,0.3328861469108041,0.6054823143783885,1493.9723122336648,377.7864002574574,115.1502685546875,248.46511840820312
iterative,1747,1,1.1051201795972645,-77.85438442329487,-0.2112534927320553,95.5599371572684,-33.68857026381793,-135.27702024616568,55,55,0.33809499058263814,0.6007541470851606,1493.5857599431818,375.166215653853,115.0216064453125,248.14877319335938
iterative,1748,1,1.1824657188649894,-78.3843475294762,-0.05872582720729724,95.63728269653612,-34.21853336999925,-135.12449258064092,53,53,0.33978726027046857,0.6030901690333776,1495.1209831957547,374.53823276735704,114.859130859375,247.85768127441406
iterative,1749,1,1.1180606003983087,-79.49759401202161,-0.10044760331439306,95.57287757806944,-35.331779852544656,-135.16621435674801,54,54,0.34255854686426057,0.5706201084206808,1493.1939516420719,368.54281248869717,114.7452392578125,247.29664611816406
iterative,1750,1,1.1109077010863615,-80.09128418801924,-0.22305767156552747,95.56572467875749,-35.92547002854231,-135.28882442499915,55,55,0.344121950829532,0.6167097702333306,1491.9085626775568,366.4875174782493,114.4453125,247.02532958984375
iterative,1751,1,1.0295407656326745,-81.11448998824304,-0.46702779267243955,95.4843577433038,-36.948675828766085,-135.53279454610606,55,55,0.3374158713758869,0.619238416885725,1491.192948774858,362.33722811612216,114.2359619140625,247.49075317382812
iterative,1752,1,0.9694879780827819,-81.84466378610657,-0.5713387216485444,95.42430495575391,-37.67884962662963,-135.63710547508217,55,55,0.3408738236460711,0.6050660145746793,1490.625244140625,359.51832219904117,114.1571044921875,247.3831787109375
iterative,1753,1,0.952125515659759,-82.10048093069965,-0.5497774756153433,95.40694249333089,-37.9346667712227,-135.61554422904896,55,55,0.3405419836719535,0.6086497153115021,1490.3987748579545,358.6628115567294,114.203857421875,247.37472534179688
iterative,1754,1,0.8702011007266464,-82.69988096566277,-0.5378322371250306,95.32501807839778,-38.534066806185834,-135.60359899055865,55,55,0.34150426790718824,0.6085889573589414,1489.8819779829546,356.374712302468,114.6324462890625,247.20948791503906
iterative,1755,1,0.9007006530709987,-83.55776201833652,-0.4611305347067116,95.35551763074213,-39.39194785885958,-135.52689728814033,54,54,0.3457596618033088,0.6142419939467574,1490.351734302662,354.98488758228444,114.5662841796875,246.9236297607422
iterative,1756,1,0.9457047790353954,-84.00082445726856,-0.39435555164595826,95.40052175670652,-39.83501029779162,-135.46012230507958,53,53,0.33179238963066404,0.6088063555828517,1490.968084371315,353.0183854013119,114.468994140625,246.83096313476562
iterative,1757,1,0.8374534198794095,-84.29860262397128,-0.6001637962895927,95.29227039755054,-40.13278846449434,-135.6659305497232,53,53,0.33438077415059014,0.5978517185577666,1490.6500105947819,351.59629332344485,114.37744140625,246.99969482421875
iterative,1758,1,0.8275959389538912,-84.3023017266845,-0.6368519350745316,95.28241291662502,-40.13648756720755,-135.70261868850815,53,53,0.3415650328953639,0.622364191474558,1490.658000442217,351.53107610738505,114.45751953125,247.047119140625
iterative,1759,1,0.8497159911606218,-84.48749432582159,-0.5470628816584053,95.30453296883175,-40.321680166344635,-135.61282963509203,53,53,0.32547918420066185,0.5789866894420775,1490.4934934220223,350.9545512649248,114.4578857421875,247.65603637695312
iterative,1760,1,0.8955389987174129,-85.29241587447342,-0.43292876352961684,95.35035597638854,-41.12660171499648,-135.49869551696324,52,52,0.3347814799823362,0.6060690811492515,1491.1455899752104,350.31173940805286,111.1068115234375,247.3545684814453
iterative,1761,1,0.9937930213972521,-85.86000202902426,-0.25255135916526683,95.44860999906838,-41.69418786954731,-135.3183181125989,52,52,0.32982776940294617,0.5948414471205506,1490.8073941744292,348.6572708716759,110.9012451171875,247.11866760253906
iterative,1762,1,1.060571351109985,-87.08812621231999,-0.14705701873657517,95.51538832878111,-42.92231205284304,-135.2128237721702,53,53,0.32595752896409314,0.6107142317670817,1488.9750746241157,345.0069107919369,110.4267578125,246.6282501220703
iterative,1763,1,1.0387849656818275,-88.37545534827115,-0.11383389928954557,95.49360194335296,-44.20964118879421,-135.17960065272317,53,53,0.33064400874312067,0.6397211153121123,1487.9411505933078,340.4342541964549,110.2308349609375,246.2162322998047
iterative,1764,1,0.9862610028516485,-88.96148180865953,-0.1933501700539182,95.44107798052278,-44.795667649182576,-135.25911692348754,53,53,0.32883270539417087,0.6122171479784575,1487.4535879459022,338.21400019807635,110.1300048828125,246.12339782714844
iterative,1765,1,0.9622402670756713,-89.95393827451386,-0.22141912537276198,95.4170572447468,-45.78812411503692,-135.28718587880638,53,53,0.33386618264770673,0.6390427636168236,1486.6484973835495,334.6885226267689,109.9151611328125,245.94883728027344
iterative,1766,1,0.9315503996015053,-90.34577378003496,-0.2981009141583115,95.38636737727263,-46.17995962055801,-135.36386766759193,53,53,0.34199424822322355,0.6593172380530201,1486.317159400796,333.1486802011166,109.7132568359375,245.8123779296875
iterative,1767,1,1.0553381394924202,-91.5067627618482,0.010445508061195596,95.51015511716355,-47.34094860237124,-135.05532124537243,53,53,0.36402474513982025,0.7421689592286922,1485.519941221993,329.7504001833358,109.443359375,245.25999450683594
iterative,1768,1,1.024924340443917,-92.76457647540369,-0.05830278960166879,95.47974131811505,-48.598762315926734,-135.1240695430353,53,53,0.3669460928081347,0.7650095056217804,1484.5187343381485,325.2111237723872,109.1053466796875,244.98519897460938
iterative,1769,1,0.9822743116022394,-93.15114202512675,-0.15215811553659364,95.43709128927337,-48.98532786564979,-135.21792486897021,53,53,0.3636293603253806,0.7629759803881545,1484.1887137934846,323.68339423413545,108.9971923828125,244.94302368164062
iterative,1770,1,0.9672975332192806,-93.58887833419479,-0.208007718322051,95.42211451089041,-49.42306417471784,-135.27377447175567,53,53,0.32319139908526817,0.625171930907723,1483.9872724425118,322.1646506831331,109.1910400390625,245.0694580078125
iterative,1771,1,0.925572917572481,-93.92589206891282,-0.20173360333760115,95.38038989524361,-49.760077909435864,-135.26750035677122,53,53,0.31831622782128693,0.6552718865005661,1483.8468501252948,320.81797041982975,109.278564453125,244.9956817626953
iterative,1772,1,0.8782733444190143,-94.17965788545976,-0.18556152239628432,95.33309032209014,-50.013843725982824,-135.2513282758299,53,53,0.3203794666104055,0.6474167283598727,1483.62639805056,319.840882499263,109.500732421875,244.96957397460938
iterative,1773,1,0.8245617429773802,-94.8273046591436,-0.20484726301583578,95.27937872064851,-50.66149049966667,-135.27061401644946,53,53,0.32544377844973676,0.6654201206520672,1482.9942626953125,317.5198850811652,109.3768310546875,244.82398986816406
iterative,1774,1,0.7643324467048274,-95.40304048694199,-0.2582198621099394,95.21914942437596,-51.23722632746505,-135.32398661554356,53,53,0.3314846939544312,0.6491852618825791,1482.4538965765034,315.3761536220335,109.29296875,244.71994018554688
iterative,1775,1,0.7942033546239458,-95.63148623685507,-0.21532975699821577,95.24902033229507,-51.465672077378116,-135.28109651043184,53,53,0.3227805216679226,0.6176502058827703,1482.3171547943691,314.7074196293669,109.185791015625,244.6496124267578
iterative,1776,1,0.8257232110487109,-96.06647863027388,-0.10456041806349958,95.28054018871984,-51.90066447079694,-135.17032717149712,53,53,0.31883347250495314,0.6299326447871426,1481.8458251953125,313.4825453848209,108.9068603515625,244.53768920898438
iterative,1777,1,0.7323480684405865,-96.47341380914338,-0.13707271157539935,95.18716504611172,-52.30759964966643,-135.20283946500902,53,53,0.3266973525058118,0.6466153491988325,1481.320427660672,311.931117219745,108.9827880859375,244.41876220703125
iterative,1778,1,0.75378752166867,-96.83715466361093,-0.002378598963332479,95.2086044993398,-52.67134050413398,-135.06814535239695,53,53,0.3270785183965388,0.692820600168505,1480.9802361254422,310.9340512257702,108.9385986328125,244.23489379882812
iterative,1779,1,0.660213957042842,-97.57898330463476,0.03383327018025284,95.11503093471397,-53.41316914515781,-135.03193348325337,53,53,0.33490956739742084,0.6758192090184478,1480.2695082178657,308.2879209698371,109.1192626953125,244.0366973876953
iterative,1780,1,0.5173788644126631,-97.82643759600583,-0.17340045822226102,94.97219584208379,-53.660623436528894,-135.23916721165588,53,53,0.34399924197185655,0.7101143700542766,1479.9224600162147,306.92547348310364,109.386474609375,243.99827575683594
iterative,1781,1,0.4741656591764638,-98.69604328744757,-0.07696828835739211,94.92898263684759,-54.530229127970614,-135.142735041791,53,53,0.3515464588217524,0.7366126415542031,1478.9545414762677,304.06169646640996,109.147705078125,243.65916442871094
iterative,1782,1,0.3054945376233036,-99.78004469187891,-0.15227135421201865,94.76031151529443,-55.61423053240196,-135.21803810764564,53,53,0.37454167805870975,0.7767535265768857,1477.6853096440154,300.0076889901791,109.060546875,243.32974243164062
iterative,1783,1,0.15248402930478733,-100.12981268295576,-0.5097329918444586,94.60730100697592,-55.96399852347881,-135.57549974527808,53,53,0.36312771148259315,0.7561276328881077,1477.2448569243809,298.2332616842018,109.1195068359375,243.55697631835938
iterative,1784,1,-0.055854203600972596,-99.64456561768094,-0.9699597492169403,94.39896277407016,-55.47875145820399,-136.03572650265056,55,55,0.3058805460563187,0.6204085286092562,1475.2899525035511,294.80591236461294,112.1402587890625,243.46041870117188
iterative,1785,1,-6.775206468034867e-05,-99.84209369437752,-0.8837142213929781,94.45474922560645,-55.67627953490057,-135.9494809748266,55,55,0.30703544414997824,0.6172947239834526,1475.112772993608,294.2738064852628,111.9039306640625,243.2836151123047
iterative,1786,1,0.01175763302165933,-100.40174789667188,-0.8461819787941067,94.46657461069279,-56.23593373719493,-135.91194873222773,55,55,0.30263386512060353,0.6344297378575523,1474.7198419744318,292.3512268066406,111.6856689453125,243.0335235595703
iterative,1787,1,-0.0964145190256005,-100.51719124383419,-1.0040887558056397,94.35840245864553,-56.35137708435724,-136.06985550923926,55,55,0.3113741590697688,0.6814911032966509,1474.5992076526989,291.4391138250177,112.6263427734375,243.1237030029297
iterative,1788,1,-0.12449661383013222,-100.80460563474682,-1.0307102330597218,94.330320363841,-56.63879147526987,-136.09647698649334,55,55,0.31455179168937564,0.6931962154538877,1474.388292347301,290.59748507412996,112.6119384765625,243.182861328125
iterative,1789,1,-0.09995273706540786,-100.84887247272363,-1.0236259979897682,94.35486424060572,-56.683058313246676,-136.0893927514234,55,55,0.3221715746521188,0.7141003957158398,1474.302519087358,290.46068004261366,112.4189453125,243.11436462402344
iterative,1790,1,-0.14655596654455394,-100.79508016443108,-1.1125240668479819,94.30826101112658,-56.62926600495415,-136.1782908202816,55,55,0.32927037402969356,0.7960936381888019,1474.2053777521307,290.4365079012784,112.2620849609375,243.75880432128906
iterative,1791,1,-0.15895264096096184,-100.7788420679897,-1.1425681950945261,94.29586433671017,-56.61302790851275,-136.20833494852815,55,55,0.332185779621033,0.8015308311202517,1474.1957341974432,290.40246526544746,112.2664794921875,243.7535400390625
iterative,1792,1,-0.16066570682895076,-100.75982704851685,-1.1541494666758183,94.29415127084218,-56.59401288903992,-136.21991622010944,55,55,0.31787030358088636,0.7926922339034806,1474.1838489879262,290.4132676558061,112.272705078125,243.75291442871094
iterative,1793,1,-0.17854359199141356,-100.74390605400859,-1.186095308149362,94.27627338567972,-56.57809189453164,-136.25186206158298,55,55,0.32502479023147957,0.8020470615687071,1474.1546630859375,290.4048553466797,112.3148193359375,243.81060791015625
iterative,1794,1,-0.12732808250619598,-100.77961746745072,-1.1132944959465476,94.32748889516493,-56.61380330797377,-136.17906124938017,55,55,0.3358809715822029,0.7957081534303535,1474.1887318004262,290.4416345769709,112.293212890625,243.80831909179688
iterative,1795,1,-0.020444403522049015,-100.91359388607853,-0.9046868266507033,94.43437257414908,-56.74777972660158,-135.97045358008432,55,55,0.32733110009340294,0.6703115892126892,1474.2638338955967,290.5372555819425,112.2357177734375,243.21200561523438
iterative,1796,1,0.007288817850849227,-100.92455079941982,-0.8645286887938255,94.46210579552198,-56.75873663994288,-135.93029544222745,55,55,0.31871591562874946,0.6658744185298126,1474.3264581853693,290.56703935102985,112.2437744140625,243.17738342285156
iterative,1797,1,-0.01647953308565775,-100.93076193584534,-0.900012104187482,94.43833744458547,-56.76494777636839,-135.9657788576211,55,55,0.32181519570516665,0.6596400230939059,1474.2973455255683,290.48470653187144,112.31396484375,243.2059783935547
iterative,1798,1,0.04308590783846,-100.83682934578837,-0.9117022819192755,94.49790288550959,-56.67101518631142,-135.9774690353529,55,55,0.3044993165940894,0.663951004015589,1474.609972034801,290.7949473987926,112.23046875,243.25425720214844
iterative,1799,1,0.06379308532822847,-100.85618525621842,-0.9055910040869151,94.51861006299936,-56.69037109674147,-135.97135775752054,55,55,0.30862723747365123,0.6565984894061576,1474.6493208451705,290.77015491832384,112.1754150390625,243.25205993652344
iterative,1800,1,0.06480052039086104,-100.95317036100164,-0.8368980200173155,94.51961749806199,-56.78735620152469,-135.90266477345094,55,55,0.2991570467447486,0.6699106923690948,1474.5262184836647,290.6557023481889,112.126708984375,243.22169494628906
iterative,1801,1,0.06855635032937357,-100.90183357635217,-0.8821011453123617,94.5233733280005,-56.73601941687524,-135.94786789874598,55,55,0.30081737539409786,0.6689566885744773,1474.641865678267,290.7336844704368,112.1005859375,243.2455596923828
iterative,1802,1,-0.04347088966400747,-100.77186571180431,-1.0553504697911364,94.41134608800712,-56.60605155232736,-136.12111722322476,55,55,0.3155840591035948,0.6719958630964216,1474.507792524858,290.6681657270952,112.400390625,243.23052978515625
iterative,1803,1,-0.08040392827734877,-100.75957114324646,-1.1136521508066721,94.37441304939378,-56.59375698376951,-136.1794189042403,55,55,0.3037582151593049,0.6084577656438542,1474.4725075461647,290.63150468306105,112.4056396484375,243.22885131835938
iterative,1804,1,-0.07639084873419222,-100.7332878027928,-1.1152025233801055,94.37842612893694,-56.567473643315864,-136.18096927681373,55,55,0.29085458046901846,0.5329126134650872,1474.5493141867898,290.6791281960227,112.4173583984375,243.2217559814453
iterative,1805,1,-0.0901133990483487,-100.7160068393649,-1.133895959537881,94.36470357862278,-56.55019267988796,-136.1996627129715,55,55,0.29417693217515894,0.5421377832207378,1474.5287331321022,290.70296131480825,112.393310546875,243.21434020996094
iterative,1806,1,-0.05897078284741042,-100.72440245394742,-1.1357435378060927,94.39584619482372,-56.55858829447047,-136.2015102912397,55,55,0.2993857403604066,0.5359621155231297,1474.6265647194602,290.7138319535689,112.4661865234375,243.2647247314453
iterative,1807,1,-0.036824741014925166,-100.80492610456287,-1.0761958116553387,94.4179922366562,-56.63911194508593,-136.14196256508896,55,55,0.2924850390007101,0.5490751308040792,1474.5585471413353,290.5307356400923,112.4891357421875,243.21337890625
iterative,1808,1,0.012740917745844627,-100.73456018764804,-1.1013348567362584,94.46755789541697,-56.568746028171105,-136.16710161016988,54,54,0.2812558751493948,0.5363215979071545,1475.7819326895255,292.2998422693323,112.5130615234375,243.3119659423828
iterative,1809,1,-0.005716106523124154,-100.73871771247883,-1.12716485065053,94.449100871148,-56.57290355300188,-136.19293160408415,54,54,0.30035336369939714,0.6171760537388301,1475.6734935619213,292.1262037489149,112.5029296875,243.32069396972656
iterative,1810,1,0.0038173687601528172,-100.77546558090958,-1.0639413966150926,94.45863434643128,-56.60965142143263,-136.1297081500487,54,54,0.2845379283270085,0.5258030465961838,1475.682664659288,292.2035406607169,112.4560546875,243.24765014648438
iterative,1811,1,0.005728262321213151,-100.78491298525688,-1.084582686903019,94.46054523999234,-56.61909882577993,-136.15034944033664,54,54,0.2821748231851488,0.5266853319430268,1475.7389074254918,292.15320389359084,112.493896484375,243.2750244140625
iterative,1812,1,-0.025376218878420786,-100.82877015044019,-1.0565859580510732,94.42944075879271,-56.66295599096324,-136.1223527114847,54,54,0.28410779168092504,0.5184607159857493,1475.552311650029,292.0525557906539,112.4366455078125,243.2938690185547
iterative,1813,1,-0.0033337843031802095,-100.81939903796638,-1.055301789262728,94.45148319336795,-56.65358487848944,-136.12106854269635,54,54,0.28251457706044164,0.518923860430124,1475.6379733615452,292.08018493652344,112.427978515625,243.29051208496094
iterative,1814,1,-0.03590256444084616,-100.78297426273025,-1.1057239593261556,94.41891441323028,-56.61716010325331,-136.17149071275978,54,54,0.2868796936062283,0.5312165111696012,1475.6173412181713,292.1199292783384,112.439208984375,243.35086059570312
iterative,1815,1,-0.03549913696613771,-100.7740847442104,-1.124187839418454,94.41931784070499,-56.60827058473346,-136.18995459285208,54,54,0.29748702058821347,0.5588402710939597,1475.6488873517071,292.0163820054796,112.4366455078125,243.30349731445312
iterative,1816,1,0.021495713395353278,-100.7781310926469,-1.0667902462822667,94.47631269106648,-56.612316933169964,-136.1325569997159,54,54,0.30007101019392196,0.5738738396304478,1475.7737698025173,292.1341648808232,112.4083251953125,243.2479705810547
iterative,1817,1,-0.030040228336133623,-100.75975630415314,-1.131697570284274,94.424776749335,-56.59394214467619,-136.1974643237179,54,54,0.3012069391534049,0.5714968276704099,1475.7038212528935,292.06862301296655,112.4580078125,243.3351287841797
iterative,1818,1,0.02752520626128785,-100.80063835803918,-1.042647429983134,94.48234218393242,-56.63482419856223,-136.10841418341676,54,54,0.2974594187654858,0.5678111837166202,1475.7345377604167,292.1204904626917,112.4290771484375,243.24050903320312
iterative,1819,1,0.02294014475910444,-100.78684555524177,-1.047268567234255,94.47775712243023,-56.62103139576482,-136.11303532066788,54,54,0.30028018291354963,0.5677170189632875,1475.7485916702835,292.2165905987775,112.4222412109375,243.2919921875
iterative,1820,1,0.03941932682442939,-100.84228477332394,-0.9926983633652355,94.49423630449556,-56.676470613847,-136.05846511679886,54,54,0.29224237840201955,0.5383513817099898,1475.6782904730903,292.11216198956527,112.41064453125,243.2239990234375
iterative,1821,1,-0.014927490794363507,-100.81084619388574,-1.0478567366560867,94.43988948687677,-56.645032034408786,-136.1136234900897,54,54,0.3164882076170464,0.6747275661656946,1475.590623643663,292.129483823423,112.4002685546875,243.28111267089844
iterative,1822,1,-0.026188572940327504,-100.77103386431759,-1.1018232055371584,94.4286284047308,-56.605219704840636,-136.16758995897078,54,54,0.3183037742434822,0.6613919651634819,1475.644015842014,292.1446569937247,112.3988037109375,243.32127380371094
iterative,1823,1,-0.06115262014571954,-100.78272737716205,-1.100883738279748,94.39366435752541,-56.61691321768511,-136.16665049171337,54,54,0.3129208122940774,0.6384625288549317,1475.5412484628182,292.11338184497976,112.4119873046875,243.22567749023438
